weather_id,city,latitude,longitude,date,temp_max,temp_min,precipitation,precip_probability,wind_max,wind_gusts,weather_code,temp_category,prec_category,prec_probability_category,wind_category,gust_category,weather_category,temp_risk,prec_risk,prec_probability_risk,wind_risk,gust_risk,weather_code_risk,risk_score,risk_level
1,Casablanca,33.5625,-7.625,2026-09-14,31.9,23.6,0.0,0,9.8,28.1,1,Normal,zero,Very Low,weak,weak,Low,0,0,0,0,0,25,2.5,Low
2,Casablanca,33.5625,-7.625,2026-09-15,28.8,22.2,0.0,0,11.3,31.7,45,Mild,zero,Very Low,normal,normal,Moderate,0,0,0,25,25,50,15.0,Low
3,Casablanca,33.5625,-7.625,2026-09-16,25.8,21.1,0.0,0,14.4,37.1,3,Mild,zero,Very Low,normal,normal,Moderate,0,0,0,25,25,50,15.0,Low
4,Casablanca,33.5625,-7.625,2026-09-17,25.7,19.9,0.0,0,12.3,34.2,3,Mild,zero,Very Low,normal,normal,Moderate,0,0,0,25,25,50,15.0,Low
5,Casablanca,33.5625,-7.625,2026-09-18,25.5,19.2,0.0,0,14.5,38.5,2,Mild,zero,Very Low,normal,normal,Low,0,0,0,25,25,25,12.5,Low
6,Casablanca,33.5625,-7.625,2026-09-19,28.3,20.0,0.0,3,15.3,37.8,45,Mild,zero,Very Low,normal,normal,Moderate,0,0,0,25,25,50,15.0,Low
7,Casablanca,33.5625,-7.625,2026-09-20,31.1,21.2,0.0,3,11.8,30.2,2,Normal,zero,Very Low,normal,normal,Low,0,0,0,25,25,25,12.5,Low
8,Tangier,35.75,-5.8125,2026-09-14,29.5,22.5,0.0,0,25.9,61.2,1,Mild,zero,Very Low,stong,strong,Low,0,0,0,50,50,25,22.5,Low
9,Tangier,35.75,-5.8125,2026-09-15,31.1,21.2,0.0,0,14.8,34.2,1,Normal,zero,Very Low,normal,normal,Low,0,0,0,25,25,25,12.5,Low
10,Tangier,35.75,-5.8125,2026-09-16,26.8,18.2,0.0,0,20.3,46.8,3,Mild,zero,Very Low,stong,normal,Moderate,0,0,0,50,25,50,20.0,Low
11,Tangier,35.75,-5.8125,2026-09-17,26.8,18.6,0.0,0,14.2,34.2,3,Mild,zero,Very Low,normal,normal,Moderate,0,0,0,25,25,50,15.0,Low
12,Tangier,35.75,-5.8125,2026-09-18,28.5,19.0,0.0,0,19.2,43.9,3,Mild,zero,Very Low,normal,normal,Moderate,0,0,0,25,25,50,15.0,Low
13,Tangier,35.75,-5.8125,2026-09-19,26.5,21.6,0.0,0,39.7,75.6,1,Mild,zero,Very Low,very strong,very strong,Low,0,0,0,75,75,25,32.5,Moderate
14,Tangier,35.75,-5.8125,2026-09-20,26.0,22.0,0.0,0,44.3,85.7,1,Mild,zero,Very Low,extreme,very strong,Low,0,0,0,100,75,25,37.5,Moderate
15,Fès,34.0625,-5.0,2026-09-14,38.7,23.5,0.0,0,11.7,31.0,1,Normal,zero,Very Low,normal,normal,Low,0,0,0,25,25,25,12.5,Low
16,Fès,34.0625,-5.0,2026-09-15,35.2,23.8,0.0,0,14.3,36.7,3,Normal,zero,Very Low,normal,normal,Moderate,0,0,0,25,25,50,15.0,Low
17,Fès,34.0625,-5.0,2026-09-16,31.4,20.8,0.0,0,16.9,40.0,1,Normal,zero,Very Low,normal,normal,Low,0,0,0,25,25,25,12.5,Low
18,Fès,34.0625,-5.0,2026-09-17,28.6,18.8,0.0,8,13.3,34.6,3,Mild,zero,Very Low,normal,normal,Moderate,0,0,0,25,25,50,15.0,Low
19,Fès,34.0625,-5.0,2026-09-18,31.7,17.9,0.0,13,8.4,22.7,3,Normal,zero,Very Low,weak,weak,Moderate,0,0,0,0,0,50,5.0,Low
20,Fès,34.0625,-5.0,2026-09-19,34.0,20.8,0.0,4,16.0,38.2,1,Normal,zero,Very Low,normal,normal,Low,0,0,0,25,25,25,12.5,Low
21,Fès,34.0625,-5.0,2026-09-20,37.2,23.1,0.0,3,16.1,38.2,1,Normal,zero,Very Low,normal,normal,Low,0,0,0,25,25,25,12.5,Low
22,Marrakech,31.625,-8.0,2026-09-14,40.2,23.2,0.0,8,13.5,50.4,3,Hot,zero,Very Low,normal,strong,Moderate,50,0,0,25,50,50,30.0,Moderate
23,Marrakech,31.625,-8.0,2026-09-15,38.8,24.0,0.0,3,14.8,40.0,3,Normal,zero,Very Low,normal,normal,Moderate,0,0,0,25,25,50,15.0,Low
24,Marrakech,31.625,-8.0,2026-09-16,34.7,20.5,0.0,0,13.7,37.8,0,Normal,zero,Very Low,normal,normal,Clear,0,0,0,25,25,0,10.0,Low
25,Marrakech,31.625,-8.0,2026-09-17,30.5,18.5,0.0,3,9.2,28.1,2,Normal,zero,Very Low,weak,weak,Low,0,0,0,0,0,25,2.5,Low
26,Marrakech,31.625,-8.0,2026-09-18,32.5,18.7,0.0,20,9.3,24.8,1,Normal,zero,Very Low,weak,weak,Low,0,0,0,0,0,25,2.5,Low
27,Marrakech,31.625,-8.0,2026-09-19,36.9,20.2,0.0,14,11.8,27.0,1,Normal,zero,Very Low,normal,weak,Low,0,0,0,25,0,25,7.5,Low
28,Marrakech,31.625,-8.0,2026-09-20,36.0,22.3,0.0,15,20.3,37.1,3,Normal,zero,Very Low,stong,normal,Moderate,0,0,0,50,25,50,20.0,Low
29,Sale,34.0,-6.8125,2026-09-14,33.6,23.8,0.0,0,11.2,29.2,0,Normal,zero,Very Low,normal,weak,Clear,0,0,0,25,0,0,5.0,Low
30,Sale,34.0,-6.8125,2026-09-15,28.0,21.6,0.0,0,12.7,33.5,45,Mild,zero,Very Low,normal,normal,Moderate,0,0,0,25,25,50,15.0,Low
31,Sale,34.0,-6.8125,2026-09-16,26.2,21.2,0.0,0,15.6,38.9,3,Mild,zero,Very Low,normal,normal,Moderate,0,0,0,25,25,50,15.0,Low
32,Sale,34.0,-6.8125,2026-09-17,26.3,19.0,0.0,0,11.7,31.0,3,Mild,zero,Very Low,normal,normal,Moderate,0,0,0,25,25,50,15.0,Low
33,Sale,34.0,-6.8125,2026-09-18,26.2,17.0,0.0,0,14.0,34.9,45,Mild,zero,Very Low,normal,normal,Moderate,0,0,0,25,25,50,15.0,Low
34,Sale,34.0,-6.8125,2026-09-19,28.9,17.6,0.0,3,17.0,38.5,45,Mild,zero,Very Low,normal,normal,Moderate,0,0,0,25,25,50,15.0,Low
35,Sale,34.0,-6.8125,2026-09-20,31.5,20.3,0.0,3,11.1,31.7,2,Normal,zero,Very Low,normal,normal,Low,0,0,0,25,25,25,12.5,Low
36,Meknès,33.875,-5.5625,2026-09-14,37.8,23.1,0.0,0,16.2,41.0,2,Normal,zero,Very Low,normal,normal,Low,0,0,0,25,25,25,12.5,Low
37,Meknès,33.875,-5.5625,2026-09-15,34.1,21.4,0.0,0,16.3,40.3,3,Normal,zero,Very Low,normal,normal,Moderate,0,0,0,25,25,50,15.0,Low
38,Meknès,33.875,-5.5625,2026-09-16,30.3,18.7,0.0,0,15.9,39.6,1,Normal,zero,Very Low,normal,normal,Low,0,0,0,25,25,25,12.5,Low
39,Meknès,33.875,-5.5625,2026-09-17,26.8,17.6,0.0,5,13.0,34.9,3,Mild,zero,Very Low,normal,normal,Moderate,0,0,0,25,25,50,15.0,Low
40,Meknès,33.875,-5.5625,2026-09-18,30.3,15.9,0.0,8,11.5,30.6,3,Normal,zero,Very Low,normal,normal,Moderate,0,0,0,25,25,50,15.0,Low
41,Meknès,33.875,-5.5625,2026-09-19,33.7,18.4,0.0,4,15.9,35.3,2,Normal,zero,Very Low,normal,normal,Low,0,0,0,25,25,25,12.5,Low
42,Meknès,33.875,-5.5625,2026-09-20,37.3,21.5,0.0,3,16.7,37.4,2,Normal,zero,Very Low,normal,normal,Low,0,0,0,25,25,25,12.5,Low
43,Rabat,34.0,-6.8125,2026-09-14,33.6,23.8,0.0,0,11.2,29.2,0,Normal,zero,Very Low,normal,weak,Clear,0,0,0,25,0,0,5.0,Low
44,Rabat,34.0,-6.8125,2026-09-15,28.0,21.6,0.0,0,12.7,33.5,45,Mild,zero,Very Low,normal,normal,Moderate,0,0,0,25,25,50,15.0,Low
45,Rabat,34.0,-6.8125,2026-09-16,26.3,21.3,0.0,0,15.6,38.9,3,Mild,zero,Very Low,normal,normal,Moderate,0,0,0,25,25,50,15.0,Low
46,Rabat,34.0,-6.8125,2026-09-17,26.3,19.1,0.0,0,11.7,31.0,3,Mild,zero,Very Low,normal,normal,Moderate,0,0,0,25,25,50,15.0,Low
47,Rabat,34.0,-6.8125,2026-09-18,26.2,17.0,0.0,0,14.0,34.9,45,Mild,zero,Very Low,normal,normal,Moderate,0,0,0,25,25,50,15.0,Low
48,Rabat,34.0,-6.8125,2026-09-19,28.9,17.7,0.0,3,17.0,38.5,45,Mild,zero,Very Low,normal,normal,Moderate,0,0,0,25,25,50,15.0,Low
49,Rabat,34.0,-6.8125,2026-09-20,31.6,20.3,0.0,3,11.1,31.7,2,Normal,zero,Very Low,normal,normal,Low,0,0,0,25,25,25,12.5,Low
50,Agadir,30.4375,-9.5625,2026-09-14,39.4,28.6,0.2,8,17.7,44.6,80,Normal,Moderate,Very Low,normal,normal,High,0,60,0,25,25,75,26.5,Moderate
51,Agadir,30.4375,-9.5625,2026-09-15,35.6,26.9,0.2,3,11.5,34.6,3,Normal,Moderate,Very Low,normal,normal,Moderate,0,60,0,25,25,50,24.0,Low
52,Agadir,30.4375,-9.5625,2026-09-16,36.6,23.5,0.0,0,18.5,51.1,2,Normal,zero,Very Low,normal,strong,Low,0,0,0,25,50,25,17.5,Low
53,Agadir,30.4375,-9.5625,2026-09-17,28.4,20.4,0.0,0,13.8,37.8,2,Mild,zero,Very Low,normal,normal,Low,0,0,0,25,25,25,12.5,Low
54,Agadir,30.4375,-9.5625,2026-09-18,26.3,19.8,0.0,3,13.3,37.1,2,Mild,zero,Very Low,normal,normal,Low,0,0,0,25,25,25,12.5,Low
55,Agadir,30.4375,-9.5625,2026-09-19,29.2,20.2,0.0,3,16.6,34.2,45,Mild,zero,Very Low,normal,normal,Moderate,0,0,0,25,25,50,15.0,Low
56,Agadir,30.4375,-9.5625,2026-09-20,31.0,20.8,0.0,0,16.7,33.1,2,Normal,zero,Very Low,normal,normal,Low,0,0,0,25,25,25,12.5,Low
57,Kenitra,34.25,-6.5625,2026-09-14,34.8,22.7,0.0,0,12.1,30.6,0,Normal,zero,Very Low,normal,normal,Clear,0,0,0,25,25,0,10.0,Low
58,Kenitra,34.25,-6.5625,2026-09-15,29.1,21.2,0.0,0,13.8,34.2,45,Mild,zero,Very Low,normal,normal,Moderate,0,0,0,25,25,50,15.0,Low
59,Kenitra,34.25,-6.5625,2026-09-16,27.0,20.9,0.0,0,17.2,41.0,3,Mild,zero,Very Low,normal,normal,Moderate,0,0,0,25,25,50,15.0,Low
60,Kenitra,34.25,-6.5625,2026-09-17,26.8,18.7,0.0,0,12.8,32.0,3,Mild,zero,Very Low,normal,normal,Moderate,0,0,0,25,25,50,15.0,Low
61,Kenitra,34.25,-6.5625,2026-09-18,28.1,16.0,0.0,0,15.6,38.9,45,Mild,zero,Very Low,normal,normal,Moderate,0,0,0,25,25,50,15.0,Low
62,Kenitra,34.25,-6.5625,2026-09-19,32.2,17.0,0.0,3,17.7,38.9,45,Normal,zero,Very Low,normal,normal,Moderate,0,0,0,25,25,50,15.0,Low
63,Kenitra,34.25,-6.5625,2026-09-20,34.9,22.8,0.0,0,15.0,34.2,2,Normal,zero,Very Low,normal,normal,Low,0,0,0,25,25,25,12.5,Low
64,Oujda-Angad,34.6875,-1.9375,2026-09-14,30.2,17.5,0.0,0,18.2,37.4,1,Normal,zero,Very Low,normal,normal,Low,0,0,0,25,25,25,12.5,Low
65,Oujda-Angad,34.6875,-1.9375,2026-09-15,30.8,16.4,0.0,0,17.5,36.7,3,Normal,zero,Very Low,normal,normal,Moderate,0,0,0,25,25,50,15.0,Low
66,Oujda-Angad,34.6875,-1.9375,2026-09-16,32.2,14.9,0.0,0,18.8,40.7,1,Normal,zero,Very Low,normal,normal,Low,0,0,0,25,25,25,12.5,Low
67,Oujda-Angad,34.6875,-1.9375,2026-09-17,27.8,16.9,0.0,3,19.1,41.0,3,Mild,zero,Very Low,normal,normal,Moderate,0,0,0,25,25,50,15.0,Low
68,Oujda-Angad,34.6875,-1.9375,2026-09-18,27.6,15.8,0.0,40,16.4,35.6,45,Mild,zero,Low,normal,normal,Moderate,0,0,25,25,25,50,18.75,Low
69,Oujda-Angad,34.6875,-1.9375,2026-09-19,28.7,16.0,0.0,22,25.2,45.7,45,Mild,zero,Low,stong,normal,Moderate,0,0,25,50,25,50,23.75,Low
70,Oujda-Angad,34.6875,-1.9375,2026-09-20,30.3,17.6,0.0,23,22.2,40.3,2,Normal,zero,Low,stong,normal,Low,0,0,25,50,25,25,21.25,Low
71,Tétouan,35.5625,-5.375,2026-09-14,26.9,22.1,0.0,0,19.5,48.6,2,Mild,zero,Very Low,normal,normal,Low,0,0,0,25,25,25,12.5,Low
72,Tétouan,35.5625,-5.375,2026-09-15,28.7,21.3,0.0,0,12.2,32.8,2,Mild,zero,Very Low,normal,normal,Low,0,0,0,25,25,25,12.5,Low
73,Tétouan,35.5625,-5.375,2026-09-16,33.9,18.4,0.0,0,25.0,59.0,3,Normal,zero,Very Low,stong,strong,Moderate,0,0,0,50,50,50,25.0,Moderate
74,Tétouan,35.5625,-5.375,2026-09-17,26.4,17.5,0.0,0,11.2,27.7,3,Mild,zero,Very Low,normal,weak,Moderate,0,0,0,25,0,50,10.0,Low
75,Tétouan,35.5625,-5.375,2026-09-18,26.9,18.1,0.0,8,16.0,41.0,2,Mild,zero,Very Low,normal,normal,Low,0,0,0,25,25,25,12.5,Low
76,Tétouan,35.5625,-5.375,2026-09-19,26.1,21.7,0.0,4,36.1,73.8,3,Mild,zero,Very Low,very strong,very strong,Moderate,0,0,0,75,75,50,35.0,Moderate
77,Tétouan,35.5625,-5.375,2026-09-20,26.2,22.1,0.0,3,36.7,76.3,2,Mild,zero,Very Low,very strong,very strong,Low,0,0,0,75,75,25,32.5,Moderate
78,Safi,32.3125,-9.25,2026-09-14,35.6,24.7,0.0,0,19.0,36.0,3,Normal,zero,Very Low,normal,normal,Moderate,0,0,0,25,25,50,15.0,Low
79,Safi,32.3125,-9.25,2026-09-15,34.0,23.8,0.0,0,24.6,44.6,3,Normal,zero,Very Low,stong,normal,Moderate,0,0,0,50,25,50,20.0,Low
80,Safi,32.3125,-9.25,2026-09-16,26.7,20.7,0.0,0,27.7,49.0,2,Mild,zero,Very Low,stong,normal,Low,0,0,0,50,25,25,17.5,Low
81,Safi,32.3125,-9.25,2026-09-17,24.9,19.3,0.0,0,20.5,35.6,2,Mild,zero,Very Low,stong,normal,Low,0,0,0,50,25,25,17.5,Low
82,Safi,32.3125,-9.25,2026-09-18,26.2,19.0,0.0,0,24.1,43.2,2,Mild,zero,Very Low,stong,normal,Low,0,0,0,50,25,25,17.5,Low
83,Safi,32.3125,-9.25,2026-09-19,31.2,19.5,0.0,3,21.1,38.9,2,Normal,zero,Very Low,stong,normal,Low,0,0,0,50,25,25,17.5,Low
84,Safi,32.3125,-9.25,2026-09-20,26.9,20.8,0.0,3,16.2,31.0,1,Mild,zero,Very Low,normal,normal,Low,0,0,0,25,25,25,12.5,Low
85,Taourirt,34.4375,-2.875,2026-09-14,31.5,19.2,0.0,0,25.1,41.4,1,Normal,zero,Very Low,stong,normal,Low,0,0,0,50,25,25,17.5,Low
86,Taourirt,34.4375,-2.875,2026-09-15,32.2,19.0,0.0,0,22.3,36.0,3,Normal,zero,Very Low,stong,normal,Moderate,0,0,0,50,25,50,20.0,Low
87,Taourirt,34.4375,-2.875,2026-09-16,34.0,18.2,0.0,0,21.9,35.3,1,Normal,zero,Very Low,stong,normal,Low,0,0,0,50,25,25,17.5,Low
88,Taourirt,34.4375,-2.875,2026-09-17,30.3,20.2,0.0,5,27.2,45.4,3,Normal,zero,Very Low,stong,normal,Moderate,0,0,0,50,25,50,20.0,Low
89,Taourirt,34.4375,-2.875,2026-09-18,29.5,17.3,0.0,20,25.4,46.1,3,Mild,zero,Very Low,stong,normal,Moderate,0,0,0,50,25,50,20.0,Low
90,Taourirt,34.4375,-2.875,2026-09-19,30.8,18.3,0.0,5,26.9,47.2,45,Normal,zero,Very Low,stong,normal,Moderate,0,0,0,50,25,50,20.0,Low
91,Taourirt,34.4375,-2.875,2026-09-20,30.9,19.6,0.0,5,25.9,46.1,3,Normal,zero,Very Low,stong,normal,Moderate,0,0,0,50,25,50,20.0,Low
92,Temara,33.9375,-6.875,2026-09-14,33.4,23.5,0.0,0,10.8,29.5,0,Normal,zero,Very Low,normal,weak,Clear,0,0,0,25,0,0,5.0,Low
93,Temara,33.9375,-6.875,2026-09-15,28.0,21.4,0.0,0,12.4,33.8,2,Mild,zero,Very Low,normal,normal,Low,0,0,0,25,25,25,12.5,Low
94,Temara,33.9375,-6.875,2026-09-16,26.0,20.7,0.0,0,15.8,40.3,3,Mild,zero,Very Low,normal,normal,Moderate,0,0,0,25,25,50,15.0,Low
95,Temara,33.9375,-6.875,2026-09-17,26.0,18.6,0.0,0,12.3,32.8,3,Mild,zero,Very Low,normal,normal,Moderate,0,0,0,25,25,50,15.0,Low
96,Temara,33.9375,-6.875,2026-09-18,26.4,16.6,0.0,0,13.4,36.4,45,Mild,zero,Very Low,normal,normal,Moderate,0,0,0,25,25,50,15.0,Low
97,Temara,33.9375,-6.875,2026-09-19,27.3,17.1,0.0,3,16.6,33.1,45,Mild,zero,Very Low,normal,normal,Moderate,0,0,0,25,25,50,15.0,Low
98,Temara,33.9375,-6.875,2026-09-20,29.8,19.7,0.0,3,12.0,25.9,2,Mild,zero,Very Low,normal,weak,Low,0,0,0,25,0,25,7.5,Low
99,Laâyoune,27.170473,-13.229401,2026-09-14,38.6,25.7,0.0,2,21.9,40.0,0,Normal,zero,Very Low,stong,normal,Clear,0,0,0,50,25,0,15.0,Low
100,Laâyoune,27.170473,-13.229401,2026-09-15,40.9,25.9,0.0,0,26.0,51.5,0,Hot,zero,Very Low,stong,strong,Clear,50,0,0,50,50,0,30.0,Moderate
101,Laâyoune,27.170473,-13.229401,2026-09-16,35.0,21.8,0.0,0,27.0,52.6,0,Normal,zero,Very Low,stong,strong,Clear,0,0,0,50,50,0,20.0,Low
102,Laâyoune,27.170473,-13.229401,2026-09-17,28.7,21.4,0.0,0,30.8,58.7,3,Mild,zero,Very Low,very strong,strong,Moderate,0,0,0,75,50,50,30.0,Moderate
103,Laâyoune,27.170473,-13.229401,2026-09-18,27.2,20.4,0.0,4,26.4,52.6,3,Mild,zero,Very Low,stong,strong,Moderate,0,0,0,50,50,50,25.0,Moderate
104,Laâyoune,27.170473,-13.229401,2026-09-19,29.1,18.8,0.0,0,22.6,46.1,0,Mild,zero,Very Low,stong,normal,Clear,0,0,0,50,25,0,15.0,Low
105,Laâyoune,27.170473,-13.229401,2026-09-20,29.8,19.8,0.0,2,17.2,42.1,3,Mild,zero,Very Low,normal,normal,Moderate,0,0,0,25,25,50,15.0,Low
106,El Jadid,33.25,-8.4375,2026-09-14,29.2,21.0,0.0,0,13.4,24.8,1,Mild,zero,Very Low,normal,weak,Low,0,0,0,25,0,25,7.5,Low
107,El Jadid,33.25,-8.4375,2026-09-15,26.8,21.7,0.0,0,16.6,29.9,45,Mild,zero,Very Low,normal,weak,Moderate,0,0,0,25,0,50,10.0,Low
108,El Jadid,33.25,-8.4375,2026-09-16,25.0,21.4,0.0,0,18.9,33.8,2,Mild,zero,Very Low,normal,normal,Low,0,0,0,25,25,25,12.5,Low
109,El Jadid,33.25,-8.4375,2026-09-17,25.5,19.5,0.0,2,14.3,26.3,3,Mild,zero,Very Low,normal,weak,Moderate,0,0,0,25,0,50,10.0,Low
110,El Jadid,33.25,-8.4375,2026-09-18,24.7,19.8,0.0,3,20.5,36.0,2,Mild,zero,Very Low,stong,normal,Low,0,0,0,50,25,25,17.5,Low
111,El Jadid,33.25,-8.4375,2026-09-19,26.9,20.9,0.0,3,23.3,45.0,2,Mild,zero,Very Low,stong,normal,Low,0,0,0,50,25,25,17.5,Low
112,El Jadid,33.25,-8.4375,2026-09-20,28.4,21.8,0.0,0,13.6,26.6,45,Mild,zero,Very Low,normal,weak,Moderate,0,0,0,25,0,50,10.0,Low
113,Ait Melloul,30.3125,-9.5,2026-09-14,39.8,25.3,0.3,8,17.1,34.9,80,Normal,Moderate,Very Low,normal,normal,High,0,60,0,25,25,75,26.5,Moderate
114,Ait Melloul,30.3125,-9.5,2026-09-15,35.2,25.3,0.0,3,17.9,38.2,3,Normal,zero,Very Low,normal,normal,Moderate,0,0,0,25,25,50,15.0,Low
115,Ait Melloul,30.3125,-9.5,2026-09-16,31.4,21.6,0.0,0,23.4,43.6,1,Normal,zero,Very Low,stong,normal,Low,0,0,0,50,25,25,17.5,Low
116,Ait Melloul,30.3125,-9.5,2026-09-17,26.9,21.1,0.0,0,18.4,35.6,3,Mild,zero,Very Low,normal,normal,Moderate,0,0,0,25,25,50,15.0,Low
117,Ait Melloul,30.3125,-9.5,2026-09-18,26.5,20.1,0.0,5,18.9,37.8,2,Mild,zero,Very Low,normal,normal,Low,0,0,0,25,25,25,12.5,Low
118,Ait Melloul,30.3125,-9.5,2026-09-19,29.5,20.4,0.0,3,16.6,34.2,2,Mild,zero,Very Low,normal,normal,Low,0,0,0,25,25,25,12.5,Low
119,Ait Melloul,30.3125,-9.5,2026-09-20,31.2,21.1,0.0,0,16.7,33.1,2,Normal,zero,Very Low,normal,normal,Low,0,0,0,25,25,25,12.5,Low
120,Béni Mellal,32.3125,-6.375,2026-09-14,38.7,25.5,0.0,5,18.7,41.4,3,Normal,zero,Very Low,normal,normal,Moderate,0,0,0,25,25,50,15.0,Low
121,Béni Mellal,32.3125,-6.375,2026-09-15,36.2,26.1,0.0,3,16.9,36.0,3,Normal,zero,Very Low,normal,normal,Moderate,0,0,0,25,25,50,15.0,Low
122,Béni Mellal,32.3125,-6.375,2026-09-16,32.9,21.4,0.0,0,18.8,38.5,1,Normal,zero,Very Low,normal,normal,Low,0,0,0,25,25,25,12.5,Low
123,Béni Mellal,32.3125,-6.375,2026-09-17,30.1,18.9,0.0,9,11.5,23.8,3,Normal,zero,Very Low,normal,weak,Moderate,0,0,0,25,0,50,10.0,Low
124,Béni Mellal,32.3125,-6.375,2026-09-18,32.4,19.5,0.0,13,8.9,19.1,2,Normal,zero,Very Low,weak,weak,Low,0,0,0,0,0,25,2.5,Low
125,Béni Mellal,32.3125,-6.375,2026-09-19,37.7,21.8,0.0,9,16.4,31.0,3,Normal,zero,Very Low,normal,normal,Moderate,0,0,0,25,25,50,15.0,Low
126,Béni Mellal,32.3125,-6.375,2026-09-20,39.5,29.4,0.0,5,20.8,43.9,2,Normal,zero,Very Low,stong,normal,Low,0,0,0,50,25,25,17.5,Low
127,Bouskoura,33.4375,-7.625,2026-09-14,36.5,24.2,0.0,0,15.1,38.2,1,Normal,zero,Very Low,normal,normal,Low,0,0,0,25,25,25,12.5,Low
128,Bouskoura,33.4375,-7.625,2026-09-15,32.3,21.6,0.0,0,15.6,37.8,2,Normal,zero,Very Low,normal,normal,Low,0,0,0,25,25,25,12.5,Low
129,Bouskoura,33.4375,-7.625,2026-09-16,27.1,19.8,0.0,0,16.6,40.3,45,Mild,zero,Very Low,normal,normal,Moderate,0,0,0,25,25,50,15.0,Low
130,Bouskoura,33.4375,-7.625,2026-09-17,27.0,18.8,0.0,0,14.3,35.6,3,Mild,zero,Very Low,normal,normal,Moderate,0,0,0,25,25,50,15.0,Low
131,Bouskoura,33.4375,-7.625,2026-09-18,27.9,17.6,0.0,0,17.3,42.8,2,Mild,zero,Very Low,normal,normal,Low,0,0,0,25,25,25,12.5,Low
132,Bouskoura,33.4375,-7.625,2026-09-19,27.5,19.2,0.0,8,15.3,37.8,45,Mild,zero,Very Low,normal,normal,Moderate,0,0,0,25,25,50,15.0,Low
133,Bouskoura,33.4375,-7.625,2026-09-20,30.3,20.4,0.0,8,11.8,30.2,2,Normal,zero,Very Low,normal,normal,Low,0,0,0,25,25,25,12.5,Low
134,Tiznit,29.6875,-9.75,2026-09-14,39.9,29.5,0.3,8,22.2,40.7,3,Normal,Moderate,Very Low,stong,normal,Moderate,0,60,0,50,25,50,29.0,Moderate
135,Tiznit,29.6875,-9.75,2026-09-15,36.5,27.1,0.0,0,19.9,32.0,1,Normal,zero,Very Low,normal,normal,Low,0,0,0,25,25,25,12.5,Low
136,Tiznit,29.6875,-9.75,2026-09-16,31.5,21.2,0.0,0,22.2,37.4,1,Normal,zero,Very Low,stong,normal,Low,0,0,0,50,25,25,17.5,Low
137,Tiznit,29.6875,-9.75,2026-09-17,24.4,19.7,0.0,0,23.8,40.0,3,Mild,zero,Very Low,stong,normal,Moderate,0,0,0,50,25,50,20.0,Low
138,Tiznit,29.6875,-9.75,2026-09-18,25.6,19.5,0.0,5,20.4,34.2,3,Mild,zero,Very Low,stong,normal,Moderate,0,0,0,50,25,50,20.0,Low
139,Tiznit,29.6875,-9.75,2026-09-19,26.5,19.5,0.0,3,22.0,36.4,2,Mild,zero,Very Low,stong,normal,Low,0,0,0,50,25,25,17.5,Low
140,Tiznit,29.6875,-9.75,2026-09-20,27.1,19.8,0.0,0,12.9,21.2,45,Mild,zero,Very Low,normal,weak,Moderate,0,0,0,25,0,50,10.0,Low
141,Mohammedia,33.6875,-7.375,2026-09-14,31.2,22.8,0.0,0,10.5,25.9,45,Normal,zero,Very Low,normal,weak,Moderate,0,0,0,25,0,50,10.0,Low
142,Mohammedia,33.6875,-7.375,2026-09-15,27.4,21.4,0.0,0,13.2,32.0,45,Mild,zero,Very Low,normal,normal,Moderate,0,0,0,25,25,50,15.0,Low
143,Mohammedia,33.6875,-7.375,2026-09-16,25.6,21.2,0.0,0,16.1,38.2,3,Mild,zero,Very Low,normal,normal,Moderate,0,0,0,25,25,50,15.0,Low
144,Mohammedia,33.6875,-7.375,2026-09-17,25.5,20.0,0.0,0,14.2,33.5,3,Mild,zero,Very Low,normal,normal,Moderate,0,0,0,25,25,50,15.0,Low
145,Mohammedia,33.6875,-7.375,2026-09-18,25.2,17.6,0.0,0,14.6,37.4,2,Mild,zero,Very Low,normal,normal,Low,0,0,0,25,25,25,12.5,Low
146,Mohammedia,33.6875,-7.375,2026-09-19,30.0,18.5,0.0,0,19.5,36.4,45,Mild,zero,Very Low,normal,normal,Moderate,0,0,0,25,25,50,15.0,Low
147,Mohammedia,33.6875,-7.375,2026-09-20,32.9,20.8,0.0,0,16.3,30.6,2,Normal,zero,Very Low,normal,normal,Low,0,0,0,25,25,25,12.5,Low
148,Kouribga,32.875,-6.875,2026-09-14,37.8,22.1,0.0,3,24.7,49.3,3,Normal,zero,Very Low,stong,normal,Moderate,0,0,0,50,25,50,20.0,Low
149,Kouribga,32.875,-6.875,2026-09-15,34.8,22.0,0.0,0,24.6,47.9,3,Normal,zero,Very Low,stong,normal,Moderate,0,0,0,50,25,50,20.0,Low
150,Kouribga,32.875,-6.875,2026-09-16,31.8,17.9,0.0,0,21.4,42.8,0,Normal,zero,Very Low,stong,normal,Clear,0,0,0,50,25,0,15.0,Low
151,Kouribga,32.875,-6.875,2026-09-17,28.1,14.1,0.0,2,17.9,35.3,45,Mild,zero,Very Low,normal,normal,Moderate,0,0,0,25,25,50,15.0,Low
152,Kouribga,32.875,-6.875,2026-09-18,30.4,15.0,0.0,28,19.8,38.5,1,Normal,zero,Low,normal,normal,Low,0,0,25,25,25,25,16.25,Low
153,Kouribga,32.875,-6.875,2026-09-19,33.9,17.5,0.0,12,20.9,45.4,2,Normal,zero,Very Low,stong,normal,Low,0,0,0,50,25,25,17.5,Low
154,Kouribga,32.875,-6.875,2026-09-20,36.8,22.5,0.0,13,21.0,51.1,3,Normal,zero,Very Low,stong,strong,Moderate,0,0,0,50,50,50,25.0,Moderate
155,Settat,33.0,-7.625,2026-09-14,39.7,23.7,0.0,0,23.1,47.5,3,Normal,zero,Very Low,stong,normal,Moderate,0,0,0,50,25,50,20.0,Low
156,Settat,33.0,-7.625,2026-09-15,36.0,22.8,0.0,0,23.8,50.8,3,Normal,zero,Very Low,stong,strong,Moderate,0,0,0,50,50,50,25.0,Moderate
157,Settat,33.0,-7.625,2026-09-16,29.4,19.2,0.0,0,19.1,40.3,2,Mild,zero,Very Low,normal,normal,Low,0,0,0,25,25,25,12.5,Low
158,Settat,33.0,-7.625,2026-09-17,28.2,16.9,0.0,4,16.5,34.2,3,Mild,zero,Very Low,normal,normal,Moderate,0,0,0,25,25,50,15.0,Low
159,Settat,33.0,-7.625,2026-09-18,30.2,15.9,0.0,5,19.9,44.3,45,Normal,zero,Very Low,normal,normal,Moderate,0,0,0,25,25,50,15.0,Low
160,Settat,33.0,-7.625,2026-09-19,32.8,16.9,0.0,7,22.7,43.9,45,Normal,zero,Very Low,stong,normal,Moderate,0,0,0,50,25,50,20.0,Low
161,Settat,33.0,-7.625,2026-09-20,36.7,20.1,0.0,9,19.1,40.0,2,Normal,zero,Very Low,normal,normal,Low,0,0,0,25,25,25,12.5,Low
162,Barrechid,33.25,-7.5625,2026-09-14,39.7,24.0,0.0,0,23.1,41.4,2,Normal,zero,Very Low,stong,normal,Low,0,0,0,50,25,25,17.5,Low
163,Barrechid,33.25,-7.5625,2026-09-15,35.8,21.7,0.0,0,21.5,38.5,3,Normal,zero,Very Low,stong,normal,Moderate,0,0,0,50,25,50,20.0,Low
164,Barrechid,33.25,-7.5625,2026-09-16,28.8,19.0,0.0,0,19.5,34.9,45,Mild,zero,Very Low,normal,normal,Moderate,0,0,0,25,25,50,15.0,Low
165,Barrechid,33.25,-7.5625,2026-09-17,28.3,17.5,0.0,2,17.4,30.6,3,Mild,zero,Very Low,normal,normal,Moderate,0,0,0,25,25,50,15.0,Low
166,Barrechid,33.25,-7.5625,2026-09-18,29.5,16.3,0.0,3,21.3,38.2,45,Mild,zero,Very Low,stong,normal,Moderate,0,0,0,50,25,50,20.0,Low
167,Barrechid,33.25,-7.5625,2026-09-19,32.0,17.6,0.0,3,22.3,40.0,45,Normal,zero,Very Low,stong,normal,Moderate,0,0,0,50,25,50,20.0,Low
168,Barrechid,33.25,-7.5625,2026-09-20,35.5,20.8,0.0,3,19.7,36.0,2,Normal,zero,Very Low,normal,normal,Low,0,0,0,25,25,25,12.5,Low
169,Ad Dakhla,23.725834,-15.966187,2026-09-14,23.0,20.3,0.0,0,22.4,27.7,1,Mild,zero,Very Low,stong,weak,Low,0,0,0,50,0,25,12.5,Low
170,Ad Dakhla,23.725834,-15.966187,2026-09-15,25.7,21.8,0.0,2,30.2,37.8,0,Mild,zero,Very Low,very strong,normal,Clear,0,0,0,75,25,0,20.0,Low
171,Ad Dakhla,23.725834,-15.966187,2026-09-16,24.4,21.9,0.0,2,35.3,43.6,0,Mild,zero,Very Low,very strong,normal,Clear,0,0,0,75,25,0,20.0,Low
172,Ad Dakhla,23.725834,-15.966187,2026-09-17,22.1,20.0,0.0,0,39.1,50.0,2,Mild,zero,Very Low,very strong,normal,Low,0,0,0,75,25,25,22.5,Low
173,Ad Dakhla,23.725834,-15.966187,2026-09-18,21.2,20.3,0.0,0,37.7,46.8,0,Mild,zero,Very Low,very strong,normal,Clear,0,0,0,75,25,0,20.0,Low
174,Ad Dakhla,23.725834,-15.966187,2026-09-19,20.9,19.8,0.0,0,29.2,36.7,0,Mild,zero,Very Low,stong,normal,Clear,0,0,0,50,25,0,15.0,Low
175,Ad Dakhla,23.725834,-15.966187,2026-09-20,21.5,19.6,0.0,0,33.6,42.8,0,Mild,zero,Very Low,very strong,normal,Clear,0,0,0,75,25,0,20.0,Low
176,Nador,35.1875,-2.9375,2026-09-14,26.1,23.2,0.0,0,14.3,32.0,2,Mild,zero,Very Low,normal,normal,Low,0,0,0,25,25,25,12.5,Low
177,Nador,35.1875,-2.9375,2026-09-15,26.7,21.7,0.0,0,11.3,26.6,2,Mild,zero,Very Low,normal,weak,Low,0,0,0,25,0,25,7.5,Low
178,Nador,35.1875,-2.9375,2026-09-16,29.7,21.0,0.0,0,8.4,23.8,2,Mild,zero,Very Low,weak,weak,Low,0,0,0,0,0,25,2.5,Low
179,Nador,35.1875,-2.9375,2026-09-17,26.9,21.9,0.0,7,10.4,24.1,3,Mild,zero,Very Low,normal,weak,Moderate,0,0,0,25,0,50,10.0,Low
180,Nador,35.1875,-2.9375,2026-09-18,25.2,21.1,0.0,8,14.3,33.5,3,Mild,zero,Very Low,normal,normal,Moderate,0,0,0,25,25,50,15.0,Low
181,Nador,35.1875,-2.9375,2026-09-19,26.3,22.6,0.0,8,25.8,45.4,3,Mild,zero,Very Low,stong,normal,Moderate,0,0,0,50,25,50,20.0,Low
182,Nador,35.1875,-2.9375,2026-09-20,26.4,21.8,0.0,13,25.6,45.7,2,Mild,zero,Very Low,stong,normal,Low,0,0,0,50,25,25,17.5,Low
183,Taza,34.25,-4.0,2026-09-14,32.0,20.4,0.0,0,19.6,38.9,1,Normal,zero,Very Low,normal,normal,Low,0,0,0,25,25,25,12.5,Low
184,Taza,34.25,-4.0,2026-09-15,33.0,19.5,0.0,0,14.9,31.3,3,Normal,zero,Very Low,normal,normal,Moderate,0,0,0,25,25,50,15.0,Low
185,Taza,34.25,-4.0,2026-09-16,30.6,19.2,0.0,0,24.1,50.8,1,Normal,zero,Very Low,stong,strong,Low,0,0,0,50,50,25,22.5,Low
186,Taza,34.25,-4.0,2026-09-17,29.6,18.3,0.0,6,21.5,44.6,3,Mild,zero,Very Low,stong,normal,Moderate,0,0,0,50,25,50,20.0,Low
187,Taza,34.25,-4.0,2026-09-18,29.3,17.3,0.0,9,17.5,37.4,3,Mild,zero,Very Low,normal,normal,Moderate,0,0,0,25,25,50,15.0,Low
188,Taza,34.25,-4.0,2026-09-19,29.2,18.3,0.0,17,26.0,50.9,3,Mild,zero,Very Low,stong,strong,Moderate,0,0,0,50,50,50,25.0,Moderate
189,Taza,34.25,-4.0,2026-09-20,30.7,19.7,0.0,18,24.1,45.0,2,Normal,zero,Very Low,stong,normal,Low,0,0,0,50,25,25,17.5,Low
190,Inezgane,30.375,-9.5625,2026-09-14,38.2,25.5,0.4,8,11.6,38.2,3,Normal,Moderate,Very Low,normal,normal,Moderate,0,60,0,25,25,50,24.0,Low
191,Inezgane,30.375,-9.5625,2026-09-15,33.0,24.3,0.1,3,12.0,35.3,3,Normal,Low,Very Low,normal,normal,Moderate,0,25,0,25,25,50,18.75,Low
192,Inezgane,30.375,-9.5625,2026-09-16,32.7,21.5,0.0,0,16.3,38.5,2,Normal,zero,Very Low,normal,normal,Low,0,0,0,25,25,25,12.5,Low
193,Inezgane,30.375,-9.5625,2026-09-17,26.6,20.6,0.0,0,14.5,39.2,2,Mild,zero,Very Low,normal,normal,Low,0,0,0,25,25,25,12.5,Low
194,Inezgane,30.375,-9.5625,2026-09-18,25.2,19.6,0.0,5,14.8,39.2,2,Mild,zero,Very Low,normal,normal,Low,0,0,0,25,25,25,12.5,Low
195,Inezgane,30.375,-9.5625,2026-09-19,29.5,19.9,0.0,3,16.6,34.2,45,Mild,zero,Very Low,normal,normal,Moderate,0,0,0,25,25,50,15.0,Low
196,Inezgane,30.375,-9.5625,2026-09-20,31.3,21.1,0.0,0,16.7,33.1,2,Normal,zero,Very Low,normal,normal,Low,0,0,0,25,25,25,12.5,Low
197,Larache,35.1875,-6.125,2026-09-14,35.6,22.1,0.0,0,13.6,25.6,0,Normal,zero,Very Low,normal,weak,Clear,0,0,0,25,0,0,5.0,Low
198,Larache,35.1875,-6.125,2026-09-15,30.5,19.4,0.0,0,24.6,45.7,0,Normal,zero,Very Low,stong,normal,Clear,0,0,0,50,25,0,15.0,Low
199,Larache,35.1875,-6.125,2026-09-16,27.1,18.6,0.0,0,17.9,33.5,3,Mild,zero,Very Low,normal,normal,Moderate,0,0,0,25,25,50,15.0,Low
200,Larache,35.1875,-6.125,2026-09-17,26.2,18.2,0.0,0,15.0,28.1,45,Mild,zero,Very Low,normal,weak,Moderate,0,0,0,25,0,50,10.0,Low
201,Larache,35.1875,-6.125,2026-09-18,27.2,15.5,0.0,0,19.7,35.3,45,Mild,zero,Very Low,normal,normal,Moderate,0,0,0,25,25,50,15.0,Low
202,Larache,35.1875,-6.125,2026-09-19,33.9,17.6,0.0,0,17.6,34.6,1,Normal,zero,Very Low,normal,normal,Low,0,0,0,25,25,25,12.5,Low
203,Larache,35.1875,-6.125,2026-09-20,38.0,19.4,0.0,0,15.3,28.8,1,Normal,zero,Very Low,normal,weak,Low,0,0,0,25,0,25,7.5,Low
204,Al Khmissat,33.8125,-6.0625,2026-09-14,39.2,23.2,0.0,0,19.0,38.5,1,Normal,zero,Very Low,normal,normal,Low,0,0,0,25,25,25,12.5,Low
205,Al Khmissat,33.8125,-6.0625,2026-09-15,35.0,21.0,0.0,0,18.4,37.1,3,Normal,zero,Very Low,normal,normal,Moderate,0,0,0,25,25,50,15.0,Low
206,Al Khmissat,33.8125,-6.0625,2026-09-16,30.8,18.3,0.0,0,17.9,36.0,2,Normal,zero,Very Low,normal,normal,Low,0,0,0,25,25,25,12.5,Low
207,Al Khmissat,33.8125,-6.0625,2026-09-17,28.2,16.4,0.0,3,13.5,27.7,45,Mild,zero,Very Low,normal,weak,Moderate,0,0,0,25,0,50,10.0,Low
208,Al Khmissat,33.8125,-6.0625,2026-09-18,30.6,15.1,0.0,5,19.1,38.9,3,Normal,zero,Very Low,normal,normal,Moderate,0,0,0,25,25,50,15.0,Low
209,Al Khmissat,33.8125,-6.0625,2026-09-19,34.7,17.5,0.0,5,17.4,32.4,2,Normal,zero,Very Low,normal,normal,Low,0,0,0,25,25,25,12.5,Low
210,Al Khmissat,33.8125,-6.0625,2026-09-20,38.1,19.4,0.0,7,19.4,36.7,2,Normal,zero,Very Low,normal,normal,Low,0,0,0,25,25,25,12.5,Low
211,Guelmim,28.998241,-10.114685,2026-09-14,38.7,27.5,0.5,37,23.0,38.5,51,Normal,Moderate,Low,stong,normal,Moderate,0,60,25,50,25,50,32.75,Moderate
212,Guelmim,28.998241,-10.114685,2026-09-15,38.9,24.3,0.0,0,26.0,44.3,0,Normal,zero,Very Low,stong,normal,Clear,0,0,0,50,25,0,15.0,Low
213,Guelmim,28.998241,-10.114685,2026-09-16,36.1,20.3,0.0,0,32.6,54.0,0,Normal,zero,Very Low,very strong,strong,Clear,0,0,0,75,50,0,25.0,Moderate
214,Guelmim,28.998241,-10.114685,2026-09-17,25.1,18.5,0.0,0,27.4,45.7,3,Mild,zero,Very Low,stong,normal,Moderate,0,0,0,50,25,50,20.0,Low
215,Guelmim,28.998241,-10.114685,2026-09-18,27.5,18.3,0.0,0,24.0,42.8,2,Mild,zero,Very Low,stong,normal,Low,0,0,0,50,25,25,17.5,Low
216,Guelmim,28.998241,-10.114685,2026-09-19,30.6,18.6,0.0,4,19.9,36.7,3,Normal,zero,Very Low,normal,normal,Moderate,0,0,0,25,25,50,15.0,Low
217,Guelmim,28.998241,-10.114685,2026-09-20,32.0,17.2,0.0,4,13.6,42.8,0,Normal,zero,Very Low,normal,normal,Clear,0,0,0,25,25,0,10.0,Low
218,Ksar El Kebir,35.0,-5.875,2026-09-14,39.1,24.4,0.0,0,17.3,34.6,0,Normal,zero,Very Low,normal,normal,Clear,0,0,0,25,25,0,10.0,Low
219,Ksar El Kebir,35.0,-5.875,2026-09-15,36.1,21.2,0.0,0,25.7,49.0,0,Normal,zero,Very Low,stong,normal,Clear,0,0,0,50,25,0,15.0,Low
220,Ksar El Kebir,35.0,-5.875,2026-09-16,30.4,20.5,0.0,0,16.7,32.4,3,Normal,zero,Very Low,normal,normal,Moderate,0,0,0,25,25,50,15.0,Low
221,Ksar El Kebir,35.0,-5.875,2026-09-17,28.2,19.8,0.0,0,13.8,27.4,3,Mild,zero,Very Low,normal,weak,Moderate,0,0,0,25,0,50,10.0,Low
222,Ksar El Kebir,35.0,-5.875,2026-09-18,30.8,16.8,0.0,0,17.8,34.9,45,Normal,zero,Very Low,normal,normal,Moderate,0,0,0,25,25,50,15.0,Low
223,Ksar El Kebir,35.0,-5.875,2026-09-19,35.9,18.3,0.0,3,14.1,26.3,1,Normal,zero,Very Low,normal,weak,Low,0,0,0,25,0,25,7.5,Low
224,Ksar El Kebir,35.0,-5.875,2026-09-20,39.0,21.2,0.0,3,12.1,25.9,1,Normal,zero,Very Low,normal,weak,Low,0,0,0,25,0,25,7.5,Low
225,Khénifra,32.9375,-5.6875,2026-09-14,37.0,19.8,0.0,8,17.1,38.5,3,Normal,zero,Very Low,normal,normal,Moderate,0,0,0,25,25,50,15.0,Low
226,Khénifra,32.9375,-5.6875,2026-09-15,34.9,20.9,0.1,3,19.6,36.4,3,Normal,Low,Very Low,normal,normal,Moderate,0,25,0,25,25,50,18.75,Low
227,Khénifra,32.9375,-5.6875,2026-09-16,31.5,16.3,0.0,0,15.3,29.5,1,Normal,zero,Very Low,normal,weak,Low,0,0,0,25,0,25,7.5,Low
228,Khénifra,32.9375,-5.6875,2026-09-17,30.8,16.8,0.0,33,17.8,34.6,3,Normal,zero,Low,normal,normal,Moderate,0,0,25,25,25,50,18.75,Low
229,Khénifra,32.9375,-5.6875,2026-09-18,33.4,14.9,0.0,28,18.8,38.5,1,Normal,zero,Low,normal,normal,Low,0,0,25,25,25,25,16.25,Low
230,Khénifra,32.9375,-5.6875,2026-09-19,35.9,18.3,0.0,8,17.1,37.8,3,Normal,zero,Very Low,normal,normal,Moderate,0,0,0,25,25,50,15.0,Low
231,Khénifra,32.9375,-5.6875,2026-09-20,37.8,25.1,0.0,12,21.7,40.0,3,Normal,zero,Very Low,stong,normal,Moderate,0,0,0,50,25,50,20.0,Low
232,Skhirate,33.875,-7.0,2026-09-14,30.6,22.7,0.0,0,10.4,24.8,45,Normal,zero,Very Low,normal,weak,Moderate,0,0,0,25,0,50,10.0,Low
233,Skhirate,33.875,-7.0,2026-09-15,26.5,21.1,0.0,0,13.4,30.2,45,Mild,zero,Very Low,normal,normal,Moderate,0,0,0,25,25,50,15.0,Low
234,Skhirate,33.875,-7.0,2026-09-16,25.2,20.9,0.0,0,17.1,37.1,3,Mild,zero,Very Low,normal,normal,Moderate,0,0,0,25,25,50,15.0,Low
235,Skhirate,33.875,-7.0,2026-09-17,25.1,19.2,0.0,0,13.0,30.2,3,Mild,zero,Very Low,normal,normal,Moderate,0,0,0,25,25,50,15.0,Low
236,Skhirate,33.875,-7.0,2026-09-18,24.6,17.2,0.0,0,15.1,34.9,2,Mild,zero,Very Low,normal,normal,Low,0,0,0,25,25,25,12.5,Low
237,Skhirate,33.875,-7.0,2026-09-19,27.0,17.7,0.0,0,16.6,33.1,45,Mild,zero,Very Low,normal,normal,Moderate,0,0,0,25,25,50,15.0,Low
238,Skhirate,33.875,-7.0,2026-09-20,29.9,19.8,0.0,0,12.0,25.9,2,Mild,zero,Very Low,normal,weak,Low,0,0,0,25,0,25,7.5,Low
239,Beni Yakhlef,33.625,-7.3125,2026-09-14,36.0,23.9,0.0,0,15.8,29.9,1,Normal,zero,Very Low,normal,weak,Low,0,0,0,25,0,25,7.5,Low
240,Beni Yakhlef,33.625,-7.3125,2026-09-15,30.6,20.7,0.0,0,17.6,32.4,45,Normal,zero,Very Low,normal,normal,Moderate,0,0,0,25,25,50,15.0,Low
241,Beni Yakhlef,33.625,-7.3125,2026-09-16,26.8,19.7,0.0,0,19.6,36.0,3,Mild,zero,Very Low,normal,normal,Moderate,0,0,0,25,25,50,15.0,Low
242,Beni Yakhlef,33.625,-7.3125,2026-09-17,27.0,19.0,0.0,0,16.3,30.2,3,Mild,zero,Very Low,normal,normal,Moderate,0,0,0,25,25,50,15.0,Low
243,Beni Yakhlef,33.625,-7.3125,2026-09-18,27.2,16.3,0.0,0,19.5,38.2,2,Mild,zero,Very Low,normal,normal,Low,0,0,0,25,25,25,12.5,Low
244,Beni Yakhlef,33.625,-7.3125,2026-09-19,29.4,17.6,0.0,0,19.5,36.4,45,Mild,zero,Very Low,normal,normal,Moderate,0,0,0,25,25,50,15.0,Low
245,Beni Yakhlef,33.625,-7.3125,2026-09-20,32.4,20.3,0.0,0,16.3,30.6,2,Normal,zero,Very Low,normal,normal,Low,0,0,0,25,25,25,12.5,Low
246,Sidi Yahya Zaer,33.6875,-6.875,2026-09-14,38.3,23.7,0.0,0,19.9,41.0,1,Normal,zero,Very Low,normal,normal,Low,0,0,0,25,25,25,12.5,Low
247,Sidi Yahya Zaer,33.6875,-6.875,2026-09-15,32.5,20.7,0.0,0,19.7,40.0,2,Normal,zero,Very Low,normal,normal,Low,0,0,0,25,25,25,12.5,Low
248,Sidi Yahya Zaer,33.6875,-6.875,2026-09-16,27.6,18.5,0.0,0,21.7,42.8,3,Mild,zero,Very Low,stong,normal,Moderate,0,0,0,50,25,50,20.0,Low
249,Sidi Yahya Zaer,33.6875,-6.875,2026-09-17,27.4,17.1,0.0,2,16.8,33.5,3,Mild,zero,Very Low,normal,normal,Moderate,0,0,0,25,25,50,15.0,Low
250,Sidi Yahya Zaer,33.6875,-6.875,2026-09-18,28.4,15.5,0.0,3,17.8,38.5,45,Mild,zero,Very Low,normal,normal,Moderate,0,0,0,25,25,50,15.0,Low
251,Sidi Yahya Zaer,33.6875,-6.875,2026-09-19,32.5,16.1,0.0,3,18.8,37.8,1,Normal,zero,Very Low,normal,normal,Low,0,0,0,25,25,25,12.5,Low
252,Sidi Yahya Zaer,33.6875,-6.875,2026-09-20,35.6,17.8,0.0,0,17.2,34.9,2,Normal,zero,Very Low,normal,normal,Low,0,0,0,25,25,25,12.5,Low
253,Ben Guerir,32.25,-7.9375,2026-09-14,40.0,26.3,0.0,3,18.1,42.1,3,Normal,zero,Very Low,normal,normal,Moderate,0,0,0,25,25,50,15.0,Low
254,Ben Guerir,32.25,-7.9375,2026-09-15,37.1,25.0,0.0,3,23.8,48.2,3,Normal,zero,Very Low,stong,normal,Moderate,0,0,0,50,25,50,20.0,Low
255,Ben Guerir,32.25,-7.9375,2026-09-16,32.9,19.5,0.0,0,21.1,42.1,1,Normal,zero,Very Low,stong,normal,Low,0,0,0,50,25,25,17.5,Low
256,Ben Guerir,32.25,-7.9375,2026-09-17,28.7,16.5,0.0,5,15.8,33.1,2,Mild,zero,Very Low,normal,normal,Low,0,0,0,25,25,25,12.5,Low
257,Ben Guerir,32.25,-7.9375,2026-09-18,31.4,17.1,0.0,15,16.9,34.9,0,Normal,zero,Very Low,normal,normal,Clear,0,0,0,25,25,0,10.0,Low
258,Ben Guerir,32.25,-7.9375,2026-09-19,35.6,18.6,0.0,14,22.5,41.8,2,Normal,zero,Very Low,stong,normal,Low,0,0,0,50,25,25,17.5,Low
259,Ben Guerir,32.25,-7.9375,2026-09-20,36.3,21.7,0.0,15,22.3,42.8,3,Normal,zero,Very Low,stong,normal,Moderate,0,0,0,50,25,50,20.0,Low
260,Ait Ali,30.1875,-9.5,2026-09-14,40.5,27.2,0.3,5,20.0,32.4,3,Hot,Moderate,Very Low,normal,normal,Moderate,50,60,0,25,25,50,34.0,Moderate
261,Ait Ali,30.1875,-9.5,2026-09-15,36.4,25.6,0.0,3,23.0,37.8,3,Normal,zero,Very Low,stong,normal,Moderate,0,0,0,50,25,50,20.0,Low
262,Ait Ali,30.1875,-9.5,2026-09-16,29.7,21.9,0.0,0,30.3,48.6,1,Mild,zero,Very Low,very strong,normal,Low,0,0,0,75,25,25,22.5,Low
263,Ait Ali,30.1875,-9.5,2026-09-17,26.4,20.7,0.0,0,28.5,45.7,2,Mild,zero,Very Low,stong,normal,Low,0,0,0,50,25,25,17.5,Low
264,Ait Ali,30.1875,-9.5,2026-09-18,26.7,20.1,0.0,5,21.8,36.4,1,Mild,zero,Very Low,stong,normal,Low,0,0,0,50,25,25,17.5,Low
265,Ait Ali,30.1875,-9.5,2026-09-19,28.0,20.1,0.0,3,22.8,39.2,2,Mild,zero,Very Low,stong,normal,Low,0,0,0,50,25,25,17.5,Low
266,Ait Ali,30.1875,-9.5,2026-09-20,28.2,20.8,0.0,0,19.3,32.4,45,Mild,zero,Very Low,normal,normal,Moderate,0,0,0,25,25,50,15.0,Low
267,My Drarga,30.375,-9.5,2026-09-14,39.6,26.6,0.2,8,19.5,41.8,3,Normal,Moderate,Very Low,normal,normal,Moderate,0,60,0,25,25,50,24.0,Low
268,My Drarga,30.375,-9.5,2026-09-15,35.3,26.0,0.1,3,16.3,35.3,3,Normal,Low,Very Low,normal,normal,Moderate,0,25,0,25,25,50,18.75,Low
269,My Drarga,30.375,-9.5,2026-09-16,33.9,22.2,0.0,0,17.2,40.0,2,Normal,zero,Very Low,normal,normal,Low,0,0,0,25,25,25,12.5,Low
270,My Drarga,30.375,-9.5,2026-09-17,27.2,20.5,0.0,0,17.5,39.2,2,Mild,zero,Very Low,normal,normal,Low,0,0,0,25,25,25,12.5,Low
271,My Drarga,30.375,-9.5,2026-09-18,26.5,19.6,0.0,5,17.4,38.2,2,Mild,zero,Very Low,normal,normal,Low,0,0,0,25,25,25,12.5,Low
272,My Drarga,30.375,-9.5,2026-09-19,29.4,19.9,0.0,3,16.6,34.2,45,Mild,zero,Very Low,normal,normal,Moderate,0,0,0,25,25,50,15.0,Low
273,My Drarga,30.375,-9.5,2026-09-20,31.1,21.0,0.0,0,16.7,33.1,2,Normal,zero,Very Low,normal,normal,Low,0,0,0,25,25,25,12.5,Low
274,Lqoliaa,30.3125,-9.4375,2026-09-14,40.5,25.1,0.1,3,20.5,42.5,3,Hot,Low,Very Low,stong,normal,Moderate,50,25,0,50,25,50,33.75,Moderate
275,Lqoliaa,30.3125,-9.4375,2026-09-15,37.1,25.4,0.0,3,19.7,43.6,3,Normal,zero,Very Low,normal,normal,Moderate,0,0,0,25,25,50,15.0,Low
276,Lqoliaa,30.3125,-9.4375,2026-09-16,30.4,21.4,0.0,0,27.6,54.0,1,Normal,zero,Very Low,stong,strong,Low,0,0,0,50,50,25,22.5,Low
277,Lqoliaa,30.3125,-9.4375,2026-09-17,27.2,20.7,0.0,0,19.5,40.7,3,Mild,zero,Very Low,normal,normal,Moderate,0,0,0,25,25,50,15.0,Low
278,Lqoliaa,30.3125,-9.4375,2026-09-18,27.3,19.4,0.0,5,20.2,43.6,2,Mild,zero,Very Low,stong,normal,Low,0,0,0,50,25,25,17.5,Low
279,Lqoliaa,30.3125,-9.4375,2026-09-19,27.4,19.8,0.0,3,22.1,47.2,2,Mild,zero,Very Low,stong,normal,Low,0,0,0,50,25,25,17.5,Low
280,Lqoliaa,30.3125,-9.4375,2026-09-20,27.8,20.2,0.0,0,19.5,41.8,2,Mild,zero,Very Low,normal,normal,Low,0,0,0,25,25,25,12.5,Low
281,El Kelaa des Srarhna,32.0625,-7.375,2026-09-14,40.0,24.9,0.0,8,16.0,29.2,3,Normal,zero,Very Low,normal,weak,Moderate,0,0,0,25,0,50,10.0,Low
282,El Kelaa des Srarhna,32.0625,-7.375,2026-09-15,38.2,24.7,0.0,3,21.6,36.7,3,Normal,zero,Very Low,stong,normal,Moderate,0,0,0,50,25,50,20.0,Low
283,El Kelaa des Srarhna,32.0625,-7.375,2026-09-16,34.2,19.5,0.0,0,20.3,34.9,0,Normal,zero,Very Low,stong,normal,Clear,0,0,0,50,25,0,15.0,Low
284,El Kelaa des Srarhna,32.0625,-7.375,2026-09-17,29.9,17.3,0.0,5,15.6,27.0,3,Mild,zero,Very Low,normal,weak,Moderate,0,0,0,25,0,50,10.0,Low
285,El Kelaa des Srarhna,32.0625,-7.375,2026-09-18,32.3,17.8,0.0,17,13.6,26.6,1,Normal,zero,Very Low,normal,weak,Low,0,0,0,25,0,25,7.5,Low
286,El Kelaa des Srarhna,32.0625,-7.375,2026-09-19,36.7,19.1,0.0,18,17.5,32.0,2,Normal,zero,Very Low,normal,normal,Low,0,0,0,25,25,25,12.5,Low
287,El Kelaa des Srarhna,32.0625,-7.375,2026-09-20,38.5,20.3,0.0,15,23.2,40.0,3,Normal,zero,Very Low,stong,normal,Moderate,0,0,0,50,25,50,20.0,Low
288,Moulay Abdallah,33.1875,-8.5625,2026-09-14,32.2,21.8,0.0,0,16.3,25.9,2,Normal,zero,Very Low,normal,weak,Low,0,0,0,25,0,25,7.5,Low
289,Moulay Abdallah,33.1875,-8.5625,2026-09-15,29.0,21.8,0.0,0,20.4,32.0,45,Mild,zero,Very Low,stong,normal,Moderate,0,0,0,50,25,50,20.0,Low
290,Moulay Abdallah,33.1875,-8.5625,2026-09-16,25.8,21.4,0.0,0,21.7,33.8,2,Mild,zero,Very Low,stong,normal,Low,0,0,0,50,25,25,17.5,Low
291,Moulay Abdallah,33.1875,-8.5625,2026-09-17,26.1,19.5,0.0,2,16.6,25.9,3,Mild,zero,Very Low,normal,weak,Moderate,0,0,0,25,0,50,10.0,Low
292,Moulay Abdallah,33.1875,-8.5625,2026-09-18,26.1,19.6,0.0,3,22.8,35.6,2,Mild,zero,Very Low,stong,normal,Low,0,0,0,50,25,25,17.5,Low
293,Moulay Abdallah,33.1875,-8.5625,2026-09-19,27.5,20.9,0.0,0,24.5,46.4,2,Mild,zero,Very Low,stong,normal,Low,0,0,0,50,25,25,17.5,Low
294,Moulay Abdallah,33.1875,-8.5625,2026-09-20,28.3,21.6,0.0,0,13.7,25.9,45,Mild,zero,Very Low,normal,weak,Moderate,0,0,0,25,0,50,10.0,Low
295,Tiflet,33.875,-6.3125,2026-09-14,38.6,25.4,0.0,0,18.8,37.4,1,Normal,zero,Very Low,normal,normal,Low,0,0,0,25,25,25,12.5,Low
296,Tiflet,33.875,-6.3125,2026-09-15,33.6,22.1,0.0,0,18.4,37.1,3,Normal,zero,Very Low,normal,normal,Moderate,0,0,0,25,25,50,15.0,Low
297,Tiflet,33.875,-6.3125,2026-09-16,29.0,19.1,0.0,0,19.7,38.9,3,Mild,zero,Very Low,normal,normal,Moderate,0,0,0,25,25,50,15.0,Low
298,Tiflet,33.875,-6.3125,2026-09-17,27.6,16.7,0.0,0,14.4,29.2,3,Mild,zero,Very Low,normal,weak,Moderate,0,0,0,25,0,50,10.0,Low
299,Tiflet,33.875,-6.3125,2026-09-18,30.3,15.9,0.0,3,16.0,38.2,3,Normal,zero,Very Low,normal,normal,Moderate,0,0,0,25,25,50,15.0,Low
300,Tiflet,33.875,-6.3125,2026-09-19,34.6,18.0,0.0,3,17.2,33.5,1,Normal,zero,Very Low,normal,normal,Low,0,0,0,25,25,25,12.5,Low
301,Tiflet,33.875,-6.3125,2026-09-20,38.1,19.7,0.0,3,18.0,36.4,2,Normal,zero,Very Low,normal,normal,Low,0,0,0,25,25,25,12.5,Low
302,Oulad Teïma,30.375,-9.1875,2026-09-14,42.0,24.5,0.0,8,18.8,39.6,3,Hot,zero,Very Low,normal,normal,Moderate,50,0,0,25,25,50,25.0,Moderate
303,Oulad Teïma,30.375,-9.1875,2026-09-15,40.7,25.4,0.0,3,21.3,44.3,3,Hot,zero,Very Low,stong,normal,Moderate,50,0,0,50,25,50,30.0,Moderate
304,Oulad Teïma,30.375,-9.1875,2026-09-16,34.0,21.1,0.0,0,30.2,56.9,0,Normal,zero,Very Low,very strong,strong,Clear,0,0,0,75,50,0,25.0,Moderate
305,Oulad Teïma,30.375,-9.1875,2026-09-17,29.4,19.3,0.0,0,26.2,48.6,3,Mild,zero,Very Low,stong,normal,Moderate,0,0,0,50,25,50,20.0,Low
306,Oulad Teïma,30.375,-9.1875,2026-09-18,29.3,17.9,0.0,10,23.5,44.6,1,Mild,zero,Very Low,stong,normal,Low,0,0,0,50,25,25,17.5,Low
307,Oulad Teïma,30.375,-9.1875,2026-09-19,29.0,18.5,0.0,4,32.2,56.5,45,Mild,zero,Very Low,very strong,strong,Moderate,0,0,0,75,50,50,30.0,Moderate
308,Oulad Teïma,30.375,-9.1875,2026-09-20,30.0,19.2,0.0,3,28.8,49.3,45,Mild,zero,Very Low,stong,normal,Moderate,0,0,0,50,25,50,20.0,Low
309,Berkane,34.9375,-2.3125,2026-09-14,26.8,18.8,0.0,0,15.4,32.0,2,Mild,zero,Very Low,normal,normal,Low,0,0,0,25,25,25,12.5,Low
310,Berkane,34.9375,-2.3125,2026-09-15,27.0,18.3,0.0,0,12.4,26.6,3,Mild,zero,Very Low,normal,weak,Moderate,0,0,0,25,0,50,10.0,Low
311,Berkane,34.9375,-2.3125,2026-09-16,31.6,16.4,0.0,0,13.7,29.5,2,Normal,zero,Very Low,normal,weak,Low,0,0,0,25,0,25,7.5,Low
312,Berkane,34.9375,-2.3125,2026-09-17,25.8,19.7,0.0,2,16.0,34.2,3,Mild,zero,Very Low,normal,normal,Moderate,0,0,0,25,25,50,15.0,Low
313,Berkane,34.9375,-2.3125,2026-09-18,25.9,17.4,0.0,8,18.4,37.8,3,Mild,zero,Very Low,normal,normal,Moderate,0,0,0,25,25,50,15.0,Low
314,Berkane,34.9375,-2.3125,2026-09-19,27.0,17.9,0.0,8,19.2,36.4,45,Mild,zero,Very Low,normal,normal,Moderate,0,0,0,25,25,50,15.0,Low
315,Berkane,34.9375,-2.3125,2026-09-20,27.2,19.0,0.0,8,14.0,28.8,45,Mild,zero,Very Low,normal,weak,Moderate,0,0,0,25,0,50,10.0,Low
316,Ain El Aouda,33.8125,-6.8125,2026-09-14,37.2,22.6,0.0,0,17.4,34.9,1,Normal,zero,Very Low,normal,normal,Low,0,0,0,25,25,25,12.5,Low
317,Ain El Aouda,33.8125,-6.8125,2026-09-15,31.4,20.0,0.0,0,18.4,36.4,2,Normal,zero,Very Low,normal,normal,Low,0,0,0,25,25,25,12.5,Low
318,Ain El Aouda,33.8125,-6.8125,2026-09-16,27.1,18.8,0.0,0,20.8,41.4,3,Mild,zero,Very Low,stong,normal,Moderate,0,0,0,50,25,50,20.0,Low
319,Ain El Aouda,33.8125,-6.8125,2026-09-17,27.2,17.1,0.0,0,15.7,31.0,3,Mild,zero,Very Low,normal,normal,Moderate,0,0,0,25,25,50,15.0,Low
320,Ain El Aouda,33.8125,-6.8125,2026-09-18,28.6,15.4,0.0,0,16.7,36.7,45,Mild,zero,Very Low,normal,normal,Moderate,0,0,0,25,25,50,15.0,Low
321,Ain El Aouda,33.8125,-6.8125,2026-09-19,34.2,15.0,0.0,3,16.9,36.0,45,Normal,zero,Very Low,normal,normal,Moderate,0,0,0,25,25,50,15.0,Low
322,Ain El Aouda,33.8125,-6.8125,2026-09-20,36.7,18.6,0.0,3,16.8,33.5,2,Normal,zero,Very Low,normal,normal,Low,0,0,0,25,25,25,12.5,Low
323,Errachidia,31.9375,-4.4375,2026-09-14,36.4,25.1,0.0,3,14.7,32.4,3,Normal,zero,Very Low,normal,normal,Moderate,0,0,0,25,25,50,15.0,Low
324,Errachidia,31.9375,-4.4375,2026-09-15,34.0,25.0,0.0,15,10.6,27.0,3,Normal,zero,Very Low,normal,weak,Moderate,0,0,0,25,0,50,10.0,Low
325,Errachidia,31.9375,-4.4375,2026-09-16,33.1,22.2,0.0,3,21.1,41.0,2,Normal,zero,Very Low,stong,normal,Low,0,0,0,50,25,25,17.5,Low
326,Errachidia,31.9375,-4.4375,2026-09-17,32.9,21.4,0.2,47,30.9,68.4,61,Normal,Moderate,Moderate,very strong,strong,High,0,60,50,75,50,75,49.0,Moderate
327,Errachidia,31.9375,-4.4375,2026-09-18,33.5,21.9,0.3,46,17.1,33.5,3,Normal,Moderate,Moderate,normal,normal,Moderate,0,60,50,25,25,50,31.5,Moderate
328,Errachidia,31.9375,-4.4375,2026-09-19,34.2,23.6,0.0,25,15.2,25.2,3,Normal,zero,Low,normal,weak,Moderate,0,0,25,25,0,50,13.75,Low
329,Errachidia,31.9375,-4.4375,2026-09-20,35.2,23.0,0.0,24,12.5,22.0,2,Normal,zero,Low,normal,weak,Low,0,0,25,25,0,25,11.25,Low
330,Al Fqih Ben Çalah,32.5,-6.6875,2026-09-14,41.2,21.6,0.0,3,16.6,31.3,3,Hot,zero,Very Low,normal,normal,Moderate,50,0,0,25,25,50,25.0,Moderate
331,Al Fqih Ben Çalah,32.5,-6.6875,2026-09-15,39.6,22.7,0.0,3,20.9,40.0,3,Normal,zero,Very Low,stong,normal,Moderate,0,0,0,50,25,50,20.0,Low
332,Al Fqih Ben Çalah,32.5,-6.6875,2026-09-16,35.3,17.1,0.0,0,18.6,38.2,1,Normal,zero,Very Low,normal,normal,Low,0,0,0,25,25,25,12.5,Low
333,Al Fqih Ben Çalah,32.5,-6.6875,2026-09-17,32.6,16.2,0.0,5,14.5,27.0,45,Normal,zero,Very Low,normal,weak,Moderate,0,0,0,25,0,50,10.0,Low
334,Al Fqih Ben Çalah,32.5,-6.6875,2026-09-18,35.0,16.4,0.0,15,14.4,26.6,1,Normal,zero,Very Low,normal,weak,Low,0,0,0,25,0,25,7.5,Low
335,Al Fqih Ben Çalah,32.5,-6.6875,2026-09-19,39.7,17.9,0.0,9,19.4,32.0,2,Normal,zero,Very Low,normal,normal,Low,0,0,0,25,25,25,12.5,Low
336,Al Fqih Ben Çalah,32.5,-6.6875,2026-09-20,41.3,23.9,0.0,3,24.0,39.6,3,Hot,zero,Very Low,stong,normal,Moderate,50,0,0,50,25,50,30.0,Moderate
337,Ad Darwa,33.4375,-7.5625,2026-09-14,37.6,23.9,0.0,0,17.0,33.8,1,Normal,zero,Very Low,normal,normal,Low,0,0,0,25,25,25,12.5,Low
338,Ad Darwa,33.4375,-7.5625,2026-09-15,33.3,21.2,0.0,0,16.9,33.1,2,Normal,zero,Very Low,normal,normal,Low,0,0,0,25,25,25,12.5,Low
339,Ad Darwa,33.4375,-7.5625,2026-09-16,27.6,19.6,0.0,0,17.9,34.2,45,Mild,zero,Very Low,normal,normal,Moderate,0,0,0,25,25,50,15.0,Low
340,Ad Darwa,33.4375,-7.5625,2026-09-17,27.5,18.5,0.0,0,15.1,29.5,3,Mild,zero,Very Low,normal,weak,Moderate,0,0,0,25,0,50,10.0,Low
341,Ad Darwa,33.4375,-7.5625,2026-09-18,28.1,17.0,0.0,3,19.1,38.2,2,Mild,zero,Very Low,normal,normal,Low,0,0,0,25,25,25,12.5,Low
342,Ad Darwa,33.4375,-7.5625,2026-09-19,31.4,18.4,0.0,3,20.5,39.6,45,Normal,zero,Very Low,stong,normal,Moderate,0,0,0,50,25,50,20.0,Low
343,Ad Darwa,33.4375,-7.5625,2026-09-20,35.7,20.2,0.0,3,18.6,35.3,2,Normal,zero,Very Low,normal,normal,Low,0,0,0,25,25,25,12.5,Low
344,Martil,35.625,-5.3125,2026-09-14,25.7,22.2,0.0,0,18.7,41.8,2,Mild,zero,Very Low,normal,normal,Low,0,0,0,25,25,25,12.5,Low
345,Martil,35.625,-5.3125,2026-09-15,26.5,21.8,0.0,0,11.0,26.6,2,Mild,zero,Very Low,normal,weak,Low,0,0,0,25,0,25,7.5,Low
346,Martil,35.625,-5.3125,2026-09-16,33.4,19.8,0.0,0,22.7,52.6,1,Normal,zero,Very Low,stong,strong,Low,0,0,0,50,50,25,22.5,Low
347,Martil,35.625,-5.3125,2026-09-17,25.3,19.6,0.0,2,15.1,34.2,3,Mild,zero,Very Low,normal,normal,Moderate,0,0,0,25,25,50,15.0,Low
348,Martil,35.625,-5.3125,2026-09-18,25.2,19.4,0.0,10,16.2,36.4,45,Mild,zero,Very Low,normal,normal,Moderate,0,0,0,25,25,50,15.0,Low
349,Martil,35.625,-5.3125,2026-09-19,25.1,21.9,0.9,24,34.4,60.5,80,Mild,Heavy,Low,very strong,strong,High,0,80,25,75,50,75,48.25,Moderate
350,Martil,35.625,-5.3125,2026-09-20,25.3,22.4,0.0,3,33.8,60.1,2,Mild,zero,Very Low,very strong,strong,Low,0,0,0,75,50,25,27.5,Moderate
351,Sidi Slimane,34.25,-5.9375,2026-09-14,40.2,23.5,0.0,0,17.7,37.8,0,Hot,zero,Very Low,normal,normal,Clear,50,0,0,25,25,0,20.0,Low
352,Sidi Slimane,34.25,-5.9375,2026-09-15,35.4,20.8,0.0,0,20.1,41.4,0,Normal,zero,Very Low,stong,normal,Clear,0,0,0,50,25,0,15.0,Low
353,Sidi Slimane,34.25,-5.9375,2026-09-16,30.9,20.8,0.0,0,20.0,41.8,3,Normal,zero,Very Low,normal,normal,Moderate,0,0,0,25,25,50,15.0,Low
354,Sidi Slimane,34.25,-5.9375,2026-09-17,28.9,18.9,0.0,0,13.8,29.5,3,Mild,zero,Very Low,normal,weak,Moderate,0,0,0,25,0,50,10.0,Low
355,Sidi Slimane,34.25,-5.9375,2026-09-18,32.9,16.8,0.0,0,14.0,35.6,45,Normal,zero,Very Low,normal,normal,Moderate,0,0,0,25,25,50,15.0,Low
356,Sidi Slimane,34.25,-5.9375,2026-09-19,36.8,18.6,0.0,3,18.4,35.3,1,Normal,zero,Very Low,normal,normal,Low,0,0,0,25,25,25,12.5,Low
357,Sidi Slimane,34.25,-5.9375,2026-09-20,40.2,23.7,0.0,3,19.0,34.6,2,Hot,zero,Very Low,normal,normal,Low,50,0,0,25,25,25,22.5,Low
358,Oued Zem,32.875,-6.5625,2026-09-14,37.7,23.0,0.0,10,18.7,44.6,3,Normal,zero,Very Low,normal,normal,Moderate,0,0,0,25,25,50,15.0,Low
359,Oued Zem,32.875,-6.5625,2026-09-15,35.7,22.7,0.0,0,22.4,43.6,3,Normal,zero,Very Low,stong,normal,Moderate,0,0,0,50,25,50,20.0,Low
360,Oued Zem,32.875,-6.5625,2026-09-16,32.2,17.6,0.0,0,19.8,40.7,1,Normal,zero,Very Low,normal,normal,Low,0,0,0,25,25,25,12.5,Low
361,Oued Zem,32.875,-6.5625,2026-09-17,30.3,16.3,0.0,5,16.2,36.0,3,Normal,zero,Very Low,normal,normal,Moderate,0,0,0,25,25,50,15.0,Low
362,Oued Zem,32.875,-6.5625,2026-09-18,31.5,15.0,0.0,15,19.1,38.2,1,Normal,zero,Very Low,normal,normal,Low,0,0,0,25,25,25,12.5,Low
363,Oued Zem,32.875,-6.5625,2026-09-19,34.9,18.4,0.0,11,20.7,44.3,2,Normal,zero,Very Low,stong,normal,Low,0,0,0,50,25,25,17.5,Low
364,Oued Zem,32.875,-6.5625,2026-09-20,37.6,23.6,0.0,8,25.4,51.8,2,Normal,zero,Very Low,stong,strong,Low,0,0,0,50,50,25,22.5,Low
365,Sefrou,33.8125,-4.8125,2026-09-14,34.8,24.7,0.0,0,16.9,37.1,1,Normal,zero,Very Low,normal,normal,Low,0,0,0,25,25,25,12.5,Low
366,Sefrou,33.8125,-4.8125,2026-09-15,32.3,23.2,0.0,0,15.2,33.1,3,Normal,zero,Very Low,normal,normal,Moderate,0,0,0,25,25,50,15.0,Low
367,Sefrou,33.8125,-4.8125,2026-09-16,29.3,18.9,0.0,0,19.0,40.7,1,Mild,zero,Very Low,normal,normal,Low,0,0,0,25,25,25,12.5,Low
368,Sefrou,33.8125,-4.8125,2026-09-17,26.0,17.7,0.0,15,15.9,35.6,3,Mild,zero,Very Low,normal,normal,Moderate,0,0,0,25,25,50,15.0,Low
369,Sefrou,33.8125,-4.8125,2026-09-18,28.2,16.8,0.0,13,14.8,33.5,3,Mild,zero,Very Low,normal,normal,Moderate,0,0,0,25,25,50,15.0,Low
370,Sefrou,33.8125,-4.8125,2026-09-19,31.3,19.6,0.0,3,16.7,32.8,3,Normal,zero,Very Low,normal,normal,Moderate,0,0,0,25,25,50,15.0,Low
371,Sefrou,33.8125,-4.8125,2026-09-20,34.4,18.8,0.0,3,18.0,34.6,1,Normal,zero,Very Low,normal,normal,Low,0,0,0,25,25,25,12.5,Low
372,Taroudannt,30.5,-8.875,2026-09-14,42.5,26.1,0.0,5,18.9,36.7,3,Hot,zero,Very Low,normal,normal,Moderate,50,0,0,25,25,50,25.0,Moderate
373,Taroudannt,30.5,-8.875,2026-09-15,41.3,26.5,0.2,8,19.0,40.7,3,Hot,Moderate,Very Low,normal,normal,Moderate,50,60,0,25,25,50,34.0,Moderate
374,Taroudannt,30.5,-8.875,2026-09-16,35.9,23.2,0.0,0,23.0,45.7,0,Normal,zero,Very Low,stong,normal,Clear,0,0,0,50,25,0,15.0,Low
375,Taroudannt,30.5,-8.875,2026-09-17,30.7,18.7,0.0,0,26.9,52.6,45,Normal,zero,Very Low,stong,strong,Moderate,0,0,0,50,50,50,25.0,Moderate
376,Taroudannt,30.5,-8.875,2026-09-18,30.9,17.9,0.0,8,21.7,43.6,1,Normal,zero,Very Low,stong,normal,Low,0,0,0,50,25,25,17.5,Low
377,Taroudannt,30.5,-8.875,2026-09-19,32.5,18.1,0.0,8,27.1,49.3,1,Normal,zero,Very Low,stong,normal,Low,0,0,0,50,25,25,17.5,Low
378,Taroudannt,30.5,-8.875,2026-09-20,34.3,19.2,0.0,3,27.5,50.4,0,Normal,zero,Very Low,stong,strong,Clear,0,0,0,50,50,0,20.0,Low
379,Essaouira,31.5,-9.75,2026-09-14,34.0,22.3,0.0,3,19.1,43.2,3,Normal,zero,Very Low,normal,normal,Moderate,0,0,0,25,25,50,15.0,Low
380,Essaouira,31.5,-9.75,2026-09-15,28.9,22.1,0.0,0,25.5,47.9,3,Mild,zero,Very Low,stong,normal,Moderate,0,0,0,50,25,50,20.0,Low
381,Essaouira,31.5,-9.75,2026-09-16,24.8,19.9,0.0,0,36.6,67.7,1,Mild,zero,Very Low,very strong,strong,Low,0,0,0,75,50,25,27.5,Moderate
382,Essaouira,31.5,-9.75,2026-09-17,24.0,18.9,0.0,0,29.2,53.3,1,Mild,zero,Very Low,stong,strong,Low,0,0,0,50,50,25,22.5,Low
383,Essaouira,31.5,-9.75,2026-09-18,24.0,18.8,0.0,2,28.8,54.0,1,Mild,zero,Very Low,stong,strong,Low,0,0,0,50,50,25,22.5,Low
384,Essaouira,31.5,-9.75,2026-09-19,30.8,18.9,0.0,3,28.1,51.5,1,Normal,zero,Very Low,stong,strong,Low,0,0,0,50,50,25,22.5,Low
385,Essaouira,31.5,-9.75,2026-09-20,27.7,19.8,0.0,0,10.9,22.0,1,Mild,zero,Very Low,normal,weak,Low,0,0,0,25,0,25,7.5,Low
386,Azrou,33.4375,-5.25,2026-09-14,31.4,18.9,0.0,13,15.4,48.6,3,Normal,zero,Very Low,normal,normal,Moderate,0,0,0,25,25,50,15.0,Low
387,Azrou,33.4375,-5.25,2026-09-15,30.1,18.9,0.0,3,18.8,41.4,3,Normal,zero,Very Low,normal,normal,Moderate,0,0,0,25,25,50,15.0,Low
388,Azrou,33.4375,-5.25,2026-09-16,26.2,14.4,0.0,0,15.8,37.8,1,Mild,zero,Very Low,normal,normal,Low,0,0,0,25,25,25,12.5,Low
389,Azrou,33.4375,-5.25,2026-09-17,26.0,15.3,0.0,35,15.8,37.8,3,Mild,zero,Low,normal,normal,Moderate,0,0,25,25,25,50,18.75,Low
390,Azrou,33.4375,-5.25,2026-09-18,26.8,13.4,0.0,40,12.6,28.1,3,Mild,zero,Low,normal,weak,Moderate,0,0,25,25,0,50,13.75,Low
391,Azrou,33.4375,-5.25,2026-09-19,29.7,17.9,0.3,8,17.4,41.0,3,Mild,Moderate,Very Low,normal,normal,Moderate,0,60,0,25,25,50,24.0,Low
392,Azrou,33.4375,-5.25,2026-09-20,32.1,21.7,0.0,22,16.5,43.6,3,Normal,zero,Low,normal,normal,Moderate,0,0,25,25,25,50,18.75,Low
393,Guercif,34.25,-3.375,2026-09-14,32.3,19.5,0.0,0,25.5,46.8,1,Normal,zero,Very Low,stong,normal,Low,0,0,0,50,25,25,17.5,Low
394,Guercif,34.25,-3.375,2026-09-15,33.5,18.8,0.0,0,22.7,42.1,3,Normal,zero,Very Low,stong,normal,Moderate,0,0,0,50,25,50,20.0,Low
395,Guercif,34.25,-3.375,2026-09-16,34.4,18.5,0.0,0,25.9,48.2,2,Normal,zero,Very Low,stong,normal,Low,0,0,0,50,25,25,17.5,Low
396,Guercif,34.25,-3.375,2026-09-17,31.4,20.6,0.0,8,27.1,50.8,3,Normal,zero,Very Low,stong,strong,Moderate,0,0,0,50,50,50,25.0,Moderate
397,Guercif,34.25,-3.375,2026-09-18,30.3,17.3,0.0,13,27.8,52.9,3,Normal,zero,Very Low,stong,strong,Moderate,0,0,0,50,50,50,25.0,Moderate
398,Guercif,34.25,-3.375,2026-09-19,29.5,18.9,0.0,8,30.9,52.6,3,Mild,zero,Very Low,very strong,strong,Moderate,0,0,0,75,50,50,30.0,Moderate
399,Guercif,34.25,-3.375,2026-09-20,31.0,20.4,0.0,8,27.6,50.0,3,Normal,zero,Very Low,stong,normal,Moderate,0,0,0,50,25,50,20.0,Low
400,Warzat,30.9375,-6.9375,2026-09-14,34.4,19.7,0.0,18,8.9,20.5,3,Normal,zero,Very Low,weak,weak,Moderate,0,0,0,0,0,50,5.0,Low
401,Warzat,30.9375,-6.9375,2026-09-15,31.7,21.9,0.3,20,21.1,58.0,61,Normal,Moderate,Very Low,stong,strong,High,0,60,0,50,50,75,36.5,Moderate
402,Warzat,30.9375,-6.9375,2026-09-16,33.0,18.5,0.0,0,27.5,48.2,1,Normal,zero,Very Low,stong,normal,Low,0,0,0,50,25,25,17.5,Low
403,Warzat,30.9375,-6.9375,2026-09-17,32.9,16.8,0.0,20,7.4,17.3,3,Normal,zero,Very Low,weak,weak,Moderate,0,0,0,0,0,50,5.0,Low
404,Warzat,30.9375,-6.9375,2026-09-18,33.3,17.9,0.0,43,17.2,29.2,1,Normal,zero,Moderate,normal,weak,Low,0,0,50,25,0,25,15.0,Low
405,Warzat,30.9375,-6.9375,2026-09-19,34.2,19.8,0.0,28,17.8,31.0,2,Normal,zero,Low,normal,normal,Low,0,0,25,25,25,25,16.25,Low
406,Warzat,30.9375,-6.9375,2026-09-20,34.0,18.7,0.0,3,11.6,21.2,0,Normal,zero,Very Low,normal,weak,Clear,0,0,0,25,0,0,5.0,Low
407,Fnidq,35.8125,-5.375,2026-09-14,26.1,22.4,0.0,0,23.7,45.4,2,Mild,zero,Very Low,stong,normal,Low,0,0,0,50,25,25,17.5,Low
408,Fnidq,35.8125,-5.375,2026-09-15,26.6,20.8,0.0,0,10.3,22.7,2,Mild,zero,Very Low,normal,weak,Low,0,0,0,25,0,25,7.5,Low
409,Fnidq,35.8125,-5.375,2026-09-16,30.6,18.9,0.0,0,28.4,54.0,3,Normal,zero,Very Low,stong,strong,Moderate,0,0,0,50,50,50,25.0,Moderate
410,Fnidq,35.8125,-5.375,2026-09-17,26.6,19.2,0.0,2,14.1,29.5,45,Mild,zero,Very Low,normal,weak,Moderate,0,0,0,25,0,50,10.0,Low
411,Fnidq,35.8125,-5.375,2026-09-18,25.3,20.0,0.0,10,16.3,31.7,45,Mild,zero,Very Low,normal,normal,Moderate,0,0,0,25,25,50,15.0,Low
412,Fnidq,35.8125,-5.375,2026-09-19,25.0,21.8,0.3,24,34.4,60.5,3,Mild,Moderate,Low,very strong,strong,Moderate,0,60,25,75,50,50,42.75,Moderate
413,Fnidq,35.8125,-5.375,2026-09-20,25.2,22.4,0.0,3,33.8,60.1,2,Mild,zero,Very Low,very strong,strong,Low,0,0,0,75,50,25,27.5,Moderate
414,Tan-Tan,28.435852,-11.147736,2026-09-14,38.6,26.8,0.0,16,27.2,46.4,2,Normal,zero,Very Low,stong,normal,Low,0,0,0,50,25,25,17.5,Low
415,Tan-Tan,28.435852,-11.147736,2026-09-15,34.4,23.5,0.0,0,19.9,37.8,0,Normal,zero,Very Low,normal,normal,Clear,0,0,0,25,25,0,10.0,Low
416,Tan-Tan,28.435852,-11.147736,2026-09-16,30.3,20.5,0.0,0,25.8,47.5,0,Normal,zero,Very Low,stong,normal,Clear,0,0,0,50,25,0,15.0,Low
417,Tan-Tan,28.435852,-11.147736,2026-09-17,25.7,20.0,0.1,0,31.4,56.2,51,Mild,Low,Very Low,very strong,strong,Moderate,0,25,0,75,50,50,33.75,Moderate
418,Tan-Tan,28.435852,-11.147736,2026-09-18,25.8,19.5,0.0,0,25.8,47.9,2,Mild,zero,Very Low,stong,normal,Low,0,0,0,50,25,25,17.5,Low
419,Tan-Tan,28.435852,-11.147736,2026-09-19,25.9,19.7,0.0,0,20.1,39.2,3,Mild,zero,Very Low,stong,normal,Moderate,0,0,0,50,25,50,20.0,Low
420,Tan-Tan,28.435852,-11.147736,2026-09-20,27.9,17.0,0.0,2,13.9,32.0,3,Mild,zero,Very Low,normal,normal,Moderate,0,0,0,25,25,50,15.0,Low
421,Sidi Qacem,34.1875,-5.6875,2026-09-14,40.4,25.3,0.0,0,17.3,36.4,0,Hot,zero,Very Low,normal,normal,Clear,50,0,0,25,25,0,20.0,Low
422,Sidi Qacem,34.1875,-5.6875,2026-09-15,35.4,21.9,0.0,0,20.8,43.6,0,Normal,zero,Very Low,stong,normal,Clear,0,0,0,50,25,0,15.0,Low
423,Sidi Qacem,34.1875,-5.6875,2026-09-16,31.4,20.9,0.0,0,19.7,41.0,2,Normal,zero,Very Low,normal,normal,Low,0,0,0,25,25,25,12.5,Low
424,Sidi Qacem,34.1875,-5.6875,2026-09-17,28.7,18.7,0.0,0,12.8,28.1,3,Mild,zero,Very Low,normal,weak,Moderate,0,0,0,25,0,50,10.0,Low
425,Sidi Qacem,34.1875,-5.6875,2026-09-18,32.8,17.5,0.0,0,16.0,32.4,45,Normal,zero,Very Low,normal,normal,Moderate,0,0,0,25,25,50,15.0,Low
426,Sidi Qacem,34.1875,-5.6875,2026-09-19,36.1,20.3,0.0,3,18.1,36.7,3,Normal,zero,Very Low,normal,normal,Moderate,0,0,0,25,25,50,15.0,Low
427,Sidi Qacem,34.1875,-5.6875,2026-09-20,39.7,24.6,0.0,3,14.2,29.2,2,Normal,zero,Very Low,normal,weak,Low,0,0,0,25,0,25,7.5,Low
428,M’diq,35.625,-5.3125,2026-09-14,25.6,22.1,0.0,0,18.7,41.8,2,Mild,zero,Very Low,normal,normal,Low,0,0,0,25,25,25,12.5,Low
429,M’diq,35.625,-5.3125,2026-09-15,26.4,21.6,0.0,0,11.0,26.6,2,Mild,zero,Very Low,normal,weak,Low,0,0,0,25,0,25,7.5,Low
430,M’diq,35.625,-5.3125,2026-09-16,33.2,19.6,0.0,0,22.7,52.6,1,Normal,zero,Very Low,stong,strong,Low,0,0,0,50,50,25,22.5,Low
431,M’diq,35.625,-5.3125,2026-09-17,25.2,19.5,0.0,0,15.1,34.2,3,Mild,zero,Very Low,normal,normal,Moderate,0,0,0,25,25,50,15.0,Low
432,M’diq,35.625,-5.3125,2026-09-18,25.1,19.3,0.0,8,16.2,36.4,45,Mild,zero,Very Low,normal,normal,Moderate,0,0,0,25,25,50,15.0,Low
433,M’diq,35.625,-5.3125,2026-09-19,26.3,21.7,0.9,4,36.1,73.8,80,Mild,Heavy,Very Low,very strong,very strong,High,0,80,0,75,75,75,49.5,High
434,M’diq,35.625,-5.3125,2026-09-20,26.5,22.4,0.0,3,36.7,76.3,2,Mild,zero,Very Low,very strong,very strong,Low,0,0,0,75,75,25,32.5,Moderate
435,Youssoufia,32.25,-8.5,2026-09-14,40.7,26.9,0.0,0,22.0,45.7,3,Hot,zero,Very Low,stong,normal,Moderate,50,0,0,50,25,50,30.0,Moderate
436,Youssoufia,32.25,-8.5,2026-09-15,37.4,24.1,0.0,0,24.2,49.3,3,Normal,zero,Very Low,stong,normal,Moderate,0,0,0,50,25,50,20.0,Low
437,Youssoufia,32.25,-8.5,2026-09-16,31.4,18.7,0.0,0,21.8,44.6,1,Normal,zero,Very Low,stong,normal,Low,0,0,0,50,25,25,17.5,Low
438,Youssoufia,32.25,-8.5,2026-09-17,28.3,17.4,0.0,2,17.0,36.0,2,Mild,zero,Very Low,normal,normal,Low,0,0,0,25,25,25,12.5,Low
439,Youssoufia,32.25,-8.5,2026-09-18,31.0,17.0,0.0,5,18.0,38.5,45,Normal,zero,Very Low,normal,normal,Moderate,0,0,0,25,25,50,15.0,Low
440,Youssoufia,32.25,-8.5,2026-09-19,34.7,16.8,0.0,5,22.3,41.0,1,Normal,zero,Very Low,stong,normal,Low,0,0,0,50,25,25,17.5,Low
441,Youssoufia,32.25,-8.5,2026-09-20,32.6,21.5,0.0,5,22.0,40.0,1,Normal,zero,Very Low,stong,normal,Low,0,0,0,50,25,25,17.5,Low
442,Midalt,32.6875,-4.75,2026-09-14,30.3,17.0,0.3,13,21.5,44.3,80,Normal,Moderate,Very Low,stong,normal,High,0,60,0,50,25,75,31.5,Moderate
443,Midalt,32.6875,-4.75,2026-09-15,29.9,17.5,0.4,5,20.8,37.4,80,Mild,Moderate,Very Low,stong,normal,High,0,60,0,50,25,75,31.5,Moderate
444,Midalt,32.6875,-4.75,2026-09-16,27.0,17.4,0.0,0,24.7,43.9,2,Mild,zero,Very Low,stong,normal,Low,0,0,0,50,25,25,17.5,Low
445,Midalt,32.6875,-4.75,2026-09-17,29.2,14.4,0.0,45,26.8,47.2,3,Mild,zero,Moderate,stong,normal,Moderate,0,0,50,50,25,50,27.5,Moderate
446,Midalt,32.6875,-4.75,2026-09-18,27.9,14.3,0.0,19,18.7,39.6,3,Mild,zero,Very Low,normal,normal,Moderate,0,0,0,25,25,50,15.0,Low
447,Midalt,32.6875,-4.75,2026-09-19,30.2,14.7,0.0,7,14.8,31.3,3,Normal,zero,Very Low,normal,normal,Moderate,0,0,0,25,25,50,15.0,Low
448,Midalt,32.6875,-4.75,2026-09-20,31.8,15.5,0.0,8,18.3,32.8,2,Normal,zero,Very Low,normal,normal,Low,0,0,0,25,25,25,12.5,Low
449,Aïn Harrouda,33.625,-7.4375,2026-09-14,33.6,23.4,0.0,0,11.1,29.2,1,Normal,zero,Very Low,normal,weak,Low,0,0,0,25,0,25,7.5,Low
450,Aïn Harrouda,33.625,-7.4375,2026-09-15,29.2,21.7,0.0,0,12.8,33.8,45,Mild,zero,Very Low,normal,normal,Moderate,0,0,0,25,25,50,15.0,Low
451,Aïn Harrouda,33.625,-7.4375,2026-09-16,26.3,20.9,0.0,0,15.5,39.2,3,Mild,zero,Very Low,normal,normal,Moderate,0,0,0,25,25,50,15.0,Low
452,Aïn Harrouda,33.625,-7.4375,2026-09-17,26.4,19.6,0.0,0,13.6,35.6,3,Mild,zero,Very Low,normal,normal,Moderate,0,0,0,25,25,50,15.0,Low
453,Aïn Harrouda,33.625,-7.4375,2026-09-18,26.3,17.6,0.0,0,14.8,39.6,2,Mild,zero,Very Low,normal,normal,Low,0,0,0,25,25,25,12.5,Low
454,Aïn Harrouda,33.625,-7.4375,2026-09-19,27.8,18.3,0.0,0,15.8,34.9,45,Mild,zero,Very Low,normal,normal,Moderate,0,0,0,25,25,50,15.0,Low
455,Aïn Harrouda,33.625,-7.4375,2026-09-20,30.0,20.7,0.0,0,12.2,28.4,2,Mild,zero,Very Low,normal,weak,Low,0,0,0,25,0,25,7.5,Low
456,Souq Sebt Oulad Nemma,32.3125,-6.6875,2026-09-14,41.3,23.3,0.0,3,14.8,27.4,3,Hot,zero,Very Low,normal,weak,Moderate,50,0,0,25,0,50,20.0,Low
457,Souq Sebt Oulad Nemma,32.3125,-6.6875,2026-09-15,39.6,24.9,0.0,3,21.1,38.2,3,Normal,zero,Very Low,stong,normal,Moderate,0,0,0,50,25,50,20.0,Low
458,Souq Sebt Oulad Nemma,32.3125,-6.6875,2026-09-16,35.6,20.2,0.0,0,18.4,32.8,1,Normal,zero,Very Low,normal,normal,Low,0,0,0,25,25,25,12.5,Low
459,Souq Sebt Oulad Nemma,32.3125,-6.6875,2026-09-17,32.3,17.8,0.0,5,14.6,26.3,3,Normal,zero,Very Low,normal,weak,Moderate,0,0,0,25,0,50,10.0,Low
460,Souq Sebt Oulad Nemma,32.3125,-6.6875,2026-09-18,35.1,18.2,0.0,14,8.2,17.3,1,Normal,zero,Very Low,weak,weak,Low,0,0,0,0,0,25,2.5,Low
461,Souq Sebt Oulad Nemma,32.3125,-6.6875,2026-09-19,39.6,19.3,0.0,14,17.5,29.5,2,Normal,zero,Very Low,normal,weak,Low,0,0,0,25,0,25,7.5,Low
462,Souq Sebt Oulad Nemma,32.3125,-6.6875,2026-09-20,41.2,23.0,0.0,3,24.5,41.8,2,Hot,zero,Very Low,stong,normal,Low,50,0,0,50,25,25,27.5,Moderate
463,Mehdya,34.25,-6.625,2026-09-14,33.2,22.5,0.0,0,10.2,24.5,0,Normal,zero,Very Low,normal,weak,Clear,0,0,0,25,0,0,5.0,Low
464,Mehdya,34.25,-6.625,2026-09-15,27.7,21.1,0.0,0,13.0,29.2,45,Mild,zero,Very Low,normal,weak,Moderate,0,0,0,25,0,50,10.0,Low
465,Mehdya,34.25,-6.625,2026-09-16,26.7,20.9,0.0,0,17.1,37.4,3,Mild,zero,Very Low,normal,normal,Moderate,0,0,0,25,25,50,15.0,Low
466,Mehdya,34.25,-6.625,2026-09-17,26.5,18.9,0.0,0,12.8,29.2,3,Mild,zero,Very Low,normal,weak,Moderate,0,0,0,25,0,50,10.0,Low
467,Mehdya,34.25,-6.625,2026-09-18,27.2,16.2,0.0,0,16.5,36.4,45,Mild,zero,Very Low,normal,normal,Moderate,0,0,0,25,25,50,15.0,Low
468,Mehdya,34.25,-6.625,2026-09-19,32.2,17.5,0.0,3,17.7,38.9,45,Normal,zero,Very Low,normal,normal,Moderate,0,0,0,25,25,50,15.0,Low
469,Mehdya,34.25,-6.625,2026-09-20,34.9,22.8,0.0,0,15.0,34.2,2,Normal,zero,Very Low,normal,normal,Low,0,0,0,25,25,25,12.5,Low
470,Ouezzane,34.8125,-5.625,2026-09-14,39.0,21.6,0.0,0,17.9,34.9,0,Normal,zero,Very Low,normal,normal,Clear,0,0,0,25,25,0,10.0,Low
471,Ouezzane,34.8125,-5.625,2026-09-15,35.7,20.1,0.0,0,20.5,39.2,0,Normal,zero,Very Low,stong,normal,Clear,0,0,0,50,25,0,15.0,Low
472,Ouezzane,34.8125,-5.625,2026-09-16,30.5,17.6,0.0,0,17.2,33.8,3,Normal,zero,Very Low,normal,normal,Moderate,0,0,0,25,25,50,15.0,Low
473,Ouezzane,34.8125,-5.625,2026-09-17,27.9,17.1,0.0,0,15.5,29.2,3,Mild,zero,Very Low,normal,weak,Moderate,0,0,0,25,0,50,10.0,Low
474,Ouezzane,34.8125,-5.625,2026-09-18,31.6,14.7,0.0,5,14.8,32.0,3,Normal,zero,Very Low,normal,normal,Moderate,0,0,0,25,25,50,15.0,Low
475,Ouezzane,34.8125,-5.625,2026-09-19,36.2,16.8,0.0,1,14.7,28.4,2,Normal,zero,Very Low,normal,weak,Low,0,0,0,25,0,25,7.5,Low
476,Ouezzane,34.8125,-5.625,2026-09-20,39.5,20.9,0.0,0,14.8,29.2,1,Normal,zero,Very Low,normal,weak,Low,0,0,0,25,0,25,7.5,Low
477,Semara,26.74868,-11.648254,2026-09-14,40.3,29.0,0.0,57,32.8,61.2,1,Hot,zero,Moderate,very strong,strong,Low,50,0,50,75,50,25,45.0,Moderate
478,Semara,26.74868,-11.648254,2026-09-15,40.6,26.3,0.0,5,30.1,48.2,0,Hot,zero,Very Low,very strong,normal,Clear,50,0,0,75,25,0,30.0,Moderate
479,Semara,26.74868,-11.648254,2026-09-16,39.2,24.4,0.0,0,31.9,55.1,0,Normal,zero,Very Low,very strong,strong,Clear,0,0,0,75,50,0,25.0,Moderate
480,Semara,26.74868,-11.648254,2026-09-17,31.0,19.9,0.0,0,29.5,51.1,3,Normal,zero,Very Low,stong,strong,Moderate,0,0,0,50,50,50,25.0,Moderate
481,Semara,26.74868,-11.648254,2026-09-18,30.3,18.9,0.0,0,26.8,46.8,3,Normal,zero,Very Low,stong,normal,Moderate,0,0,0,50,25,50,20.0,Low
482,Semara,26.74868,-11.648254,2026-09-19,32.4,19.4,0.0,0,19.6,35.3,3,Normal,zero,Very Low,normal,normal,Moderate,0,0,0,25,25,50,15.0,Low
483,Semara,26.74868,-11.648254,2026-09-20,35.6,19.3,0.0,12,14.7,33.5,0,Normal,zero,Very Low,normal,normal,Clear,0,0,0,25,25,0,10.0,Low
484,Ait Ourir,31.5625,-7.6875,2026-09-14,38.3,25.2,0.0,3,16.9,49.7,3,Normal,zero,Very Low,normal,normal,Moderate,0,0,0,25,25,50,15.0,Low
485,Ait Ourir,31.5625,-7.6875,2026-09-15,36.5,24.0,0.0,3,19.1,35.6,3,Normal,zero,Very Low,normal,normal,Moderate,0,0,0,25,25,50,15.0,Low
486,Ait Ourir,31.5625,-7.6875,2026-09-16,32.9,19.9,0.0,0,15.4,30.2,0,Normal,zero,Very Low,normal,normal,Clear,0,0,0,25,25,0,10.0,Low
487,Ait Ourir,31.5625,-7.6875,2026-09-17,29.3,17.4,0.0,5,10.8,21.6,2,Mild,zero,Very Low,normal,weak,Low,0,0,0,25,0,25,7.5,Low
488,Ait Ourir,31.5625,-7.6875,2026-09-18,31.1,17.4,0.0,21,12.1,23.0,1,Normal,zero,Low,normal,weak,Low,0,0,25,25,0,25,11.25,Low
489,Ait Ourir,31.5625,-7.6875,2026-09-19,35.3,19.2,0.0,17,16.2,32.8,2,Normal,zero,Very Low,normal,normal,Low,0,0,0,25,25,25,12.5,Low
490,Ait Ourir,31.5625,-7.6875,2026-09-20,35.7,20.5,0.0,10,17.0,36.4,3,Normal,zero,Very Low,normal,normal,Moderate,0,0,0,25,25,50,15.0,Low
491,Oulad Tayeb,33.9375,-5.0,2026-09-14,38.3,22.7,0.0,0,15.9,30.6,1,Normal,zero,Very Low,normal,normal,Low,0,0,0,25,25,25,12.5,Low
492,Oulad Tayeb,33.9375,-5.0,2026-09-15,34.8,23.0,0.0,0,15.6,29.9,3,Normal,zero,Very Low,normal,weak,Moderate,0,0,0,25,0,50,10.0,Low
493,Oulad Tayeb,33.9375,-5.0,2026-09-16,31.2,21.2,0.0,0,16.1,31.0,1,Normal,zero,Very Low,normal,normal,Low,0,0,0,25,25,25,12.5,Low
494,Oulad Tayeb,33.9375,-5.0,2026-09-17,28.3,18.4,0.0,8,14.7,28.4,45,Mild,zero,Very Low,normal,weak,Moderate,0,0,0,25,0,50,10.0,Low
495,Oulad Tayeb,33.9375,-5.0,2026-09-18,31.3,18.1,0.0,13,12.4,24.1,3,Normal,zero,Very Low,normal,weak,Moderate,0,0,0,25,0,50,10.0,Low
496,Oulad Tayeb,33.9375,-5.0,2026-09-19,33.3,19.2,0.0,4,16.0,38.2,2,Normal,zero,Very Low,normal,normal,Low,0,0,0,25,25,25,12.5,Low
497,Oulad Tayeb,33.9375,-5.0,2026-09-20,36.5,22.4,0.0,3,16.1,38.2,1,Normal,zero,Very Low,normal,normal,Low,0,0,0,25,25,25,12.5,Low
498,Tit Mellil,33.5625,-7.5,2026-09-14,34.2,23.9,0.0,0,12.2,32.4,1,Normal,zero,Very Low,normal,normal,Low,0,0,0,25,25,25,12.5,Low
499,Tit Mellil,33.5625,-7.5,2026-09-15,30.1,21.7,0.0,0,13.2,34.9,2,Normal,zero,Very Low,normal,normal,Low,0,0,0,25,25,25,12.5,Low
500,Tit Mellil,33.5625,-7.5,2026-09-16,26.3,20.3,0.0,0,15.3,39.2,2,Mild,zero,Very Low,normal,normal,Low,0,0,0,25,25,25,12.5,Low
501,Tit Mellil,33.5625,-7.5,2026-09-17,26.3,19.2,0.0,0,13.0,34.6,3,Mild,zero,Very Low,normal,normal,Moderate,0,0,0,25,25,50,15.0,Low
502,Tit Mellil,33.5625,-7.5,2026-09-18,26.4,17.8,0.0,0,15.5,41.4,2,Mild,zero,Very Low,normal,normal,Low,0,0,0,25,25,25,12.5,Low
503,Tit Mellil,33.5625,-7.5,2026-09-19,27.6,18.2,0.0,9,15.3,37.8,45,Mild,zero,Very Low,normal,normal,Moderate,0,0,0,25,25,50,15.0,Low
504,Tit Mellil,33.5625,-7.5,2026-09-20,30.4,20.6,0.0,10,11.8,30.2,2,Normal,zero,Very Low,normal,normal,Low,0,0,0,25,25,25,12.5,Low
505,Sidi Bennour,32.625,-8.4375,2026-09-14,40.9,22.6,0.0,0,25.2,44.6,2,Hot,zero,Very Low,stong,normal,Low,50,0,0,50,25,25,27.5,Moderate
506,Sidi Bennour,32.625,-8.4375,2026-09-15,37.5,21.6,0.0,0,25.3,44.6,3,Normal,zero,Very Low,stong,normal,Moderate,0,0,0,50,25,50,20.0,Low
507,Sidi Bennour,32.625,-8.4375,2026-09-16,29.8,18.3,0.0,0,22.7,39.2,45,Mild,zero,Very Low,stong,normal,Moderate,0,0,0,50,25,50,20.0,Low
508,Sidi Bennour,32.625,-8.4375,2026-09-17,28.3,17.5,0.0,2,19.3,33.5,2,Mild,zero,Very Low,normal,normal,Low,0,0,0,25,25,25,12.5,Low
509,Sidi Bennour,32.625,-8.4375,2026-09-18,30.6,16.5,0.0,3,21.6,38.9,45,Normal,zero,Very Low,stong,normal,Moderate,0,0,0,50,25,50,20.0,Low
510,Sidi Bennour,32.625,-8.4375,2026-09-19,33.8,18.0,0.0,5,23.9,44.6,3,Normal,zero,Very Low,stong,normal,Moderate,0,0,0,50,25,50,20.0,Low
511,Sidi Bennour,32.625,-8.4375,2026-09-20,34.0,18.9,0.0,5,20.6,38.5,45,Normal,zero,Very Low,stong,normal,Moderate,0,0,0,50,25,50,20.0,Low
512,Temsia,30.375,-9.4375,2026-09-14,40.9,26.0,0.1,8,23.0,46.1,3,Hot,Low,Very Low,stong,normal,Moderate,50,25,0,50,25,50,33.75,Moderate
513,Temsia,30.375,-9.4375,2026-09-15,37.4,26.0,0.0,3,19.1,41.8,3,Normal,zero,Very Low,normal,normal,Moderate,0,0,0,25,25,50,15.0,Low
514,Temsia,30.375,-9.4375,2026-09-16,31.4,22.0,0.0,0,19.2,40.3,1,Normal,zero,Very Low,normal,normal,Low,0,0,0,25,25,25,12.5,Low
515,Temsia,30.375,-9.4375,2026-09-17,27.9,20.6,0.0,0,20.5,43.2,3,Mild,zero,Very Low,stong,normal,Moderate,0,0,0,50,25,50,20.0,Low
516,Temsia,30.375,-9.4375,2026-09-18,27.5,19.6,0.0,10,20.7,43.2,2,Mild,zero,Very Low,stong,normal,Low,0,0,0,50,25,25,17.5,Low
517,Temsia,30.375,-9.4375,2026-09-19,29.4,19.9,0.0,4,32.2,56.5,2,Mild,zero,Very Low,very strong,strong,Low,0,0,0,75,50,25,27.5,Moderate
518,Temsia,30.375,-9.4375,2026-09-20,30.5,19.7,0.0,0,28.8,49.3,45,Normal,zero,Very Low,stong,normal,Moderate,0,0,0,50,25,50,20.0,Low
519,Biougra,30.1875,-9.375,2026-09-14,40.7,27.6,0.3,5,22.5,37.8,3,Hot,Moderate,Very Low,stong,normal,Moderate,50,60,0,50,25,50,39.0,Moderate
520,Biougra,30.1875,-9.375,2026-09-15,37.7,26.5,0.0,3,25.4,42.1,3,Normal,zero,Very Low,stong,normal,Moderate,0,0,0,50,25,50,20.0,Low
521,Biougra,30.1875,-9.375,2026-09-16,31.8,22.6,0.0,0,36.7,59.8,0,Normal,zero,Very Low,very strong,strong,Clear,0,0,0,75,50,0,25.0,Moderate
522,Biougra,30.1875,-9.375,2026-09-17,27.5,20.7,0.0,0,33.2,55.4,3,Mild,zero,Very Low,very strong,strong,Moderate,0,0,0,75,50,50,30.0,Moderate
523,Biougra,30.1875,-9.375,2026-09-18,27.7,19.6,0.0,5,24.0,38.9,2,Mild,zero,Very Low,stong,normal,Low,0,0,0,50,25,25,17.5,Low
524,Biougra,30.1875,-9.375,2026-09-19,27.9,19.9,0.0,3,29.1,49.3,2,Mild,zero,Very Low,stong,normal,Low,0,0,0,50,25,25,17.5,Low
525,Biougra,30.1875,-9.375,2026-09-20,28.7,19.6,0.0,0,25.2,42.1,45,Mild,zero,Very Low,stong,normal,Moderate,0,0,0,50,25,50,20.0,Low
526,Al Hoceïma,35.1875,-3.875,2026-09-14,28.9,19.5,0.0,0,15.9,29.5,1,Mild,zero,Very Low,normal,weak,Low,0,0,0,25,0,25,7.5,Low
527,Al Hoceïma,35.1875,-3.875,2026-09-15,26.3,19.6,0.0,0,11.3,20.5,45,Mild,zero,Very Low,normal,weak,Moderate,0,0,0,25,0,50,10.0,Low
528,Al Hoceïma,35.1875,-3.875,2026-09-16,28.2,19.5,0.0,0,10.5,19.8,2,Mild,zero,Very Low,normal,weak,Low,0,0,0,25,0,25,7.5,Low
529,Al Hoceïma,35.1875,-3.875,2026-09-17,26.1,19.4,0.0,3,13.8,24.8,3,Mild,zero,Very Low,normal,weak,Moderate,0,0,0,25,0,50,10.0,Low
530,Al Hoceïma,35.1875,-3.875,2026-09-18,25.7,17.9,0.0,5,16.5,30.6,3,Mild,zero,Very Low,normal,normal,Moderate,0,0,0,25,25,50,15.0,Low
531,Al Hoceïma,35.1875,-3.875,2026-09-19,27.8,18.4,0.0,5,31.9,58.7,2,Mild,zero,Very Low,very strong,strong,Low,0,0,0,75,50,25,27.5,Moderate
532,Al Hoceïma,35.1875,-3.875,2026-09-20,27.2,21.3,0.0,5,27.9,51.1,2,Mild,zero,Very Low,stong,strong,Low,0,0,0,50,50,25,22.5,Low
533,Qasbat Tadla,32.625,-6.25,2026-09-14,40.5,21.3,0.3,3,22.2,40.7,80,Hot,Moderate,Very Low,stong,normal,High,50,60,0,50,25,75,41.5,Moderate
534,Qasbat Tadla,32.625,-6.25,2026-09-15,38.2,22.8,0.1,0,19.2,36.0,3,Normal,Low,Very Low,normal,normal,Moderate,0,25,0,25,25,50,18.75,Low
535,Qasbat Tadla,32.625,-6.25,2026-09-16,34.5,18.1,0.0,0,18.8,33.5,1,Normal,zero,Very Low,normal,normal,Low,0,0,0,25,25,25,12.5,Low
536,Qasbat Tadla,32.625,-6.25,2026-09-17,32.4,17.4,0.0,7,12.8,24.5,3,Normal,zero,Very Low,normal,weak,Moderate,0,0,0,25,0,50,10.0,Low
537,Qasbat Tadla,32.625,-6.25,2026-09-18,34.8,16.0,0.0,23,14.8,31.7,2,Normal,zero,Low,normal,normal,Low,0,0,25,25,25,25,16.25,Low
538,Qasbat Tadla,32.625,-6.25,2026-09-19,38.8,18.6,0.0,12,13.8,30.6,2,Normal,zero,Very Low,normal,normal,Low,0,0,0,25,25,25,12.5,Low
539,Qasbat Tadla,32.625,-6.25,2026-09-20,41.1,21.5,0.0,13,20.7,36.0,2,Hot,zero,Very Low,stong,normal,Low,50,0,0,50,25,25,27.5,Moderate
540,Aziylal,31.9375,-6.5625,2026-09-14,31.7,19.5,0.0,18,16.3,37.4,3,Normal,zero,Very Low,normal,normal,Moderate,0,0,0,25,25,50,15.0,Low
541,Aziylal,31.9375,-6.5625,2026-09-15,29.4,20.1,0.1,13,23.4,62.6,3,Mild,Low,Very Low,stong,strong,Moderate,0,25,0,50,50,50,28.75,Moderate
542,Aziylal,31.9375,-6.5625,2026-09-16,26.6,15.6,0.0,0,18.2,38.2,0,Mild,zero,Very Low,normal,normal,Clear,0,0,0,25,25,0,10.0,Low
543,Aziylal,31.9375,-6.5625,2026-09-17,25.6,15.0,0.0,29,16.3,35.6,3,Mild,zero,Low,normal,normal,Moderate,0,0,25,25,25,50,18.75,Low
544,Aziylal,31.9375,-6.5625,2026-09-18,27.1,15.2,0.0,38,16.1,33.1,1,Mild,zero,Low,normal,normal,Low,0,0,25,25,25,25,16.25,Low
545,Aziylal,31.9375,-6.5625,2026-09-19,30.6,18.2,0.0,22,17.6,38.5,3,Normal,zero,Low,normal,normal,Moderate,0,0,25,25,25,50,18.75,Low
546,Aziylal,31.9375,-6.5625,2026-09-20,32.8,20.6,0.3,23,22.3,45.0,3,Normal,Moderate,Low,stong,normal,Moderate,0,60,25,50,25,50,32.75,Moderate
547,Boujad,32.75,-6.375,2026-09-14,38.6,21.8,0.0,0,14.1,26.6,3,Normal,zero,Very Low,normal,weak,Moderate,0,0,0,25,0,50,10.0,Low
548,Boujad,32.75,-6.375,2026-09-15,36.9,23.7,0.0,0,24.6,45.0,3,Normal,zero,Very Low,stong,normal,Moderate,0,0,0,50,25,50,20.0,Low
549,Boujad,32.75,-6.375,2026-09-16,32.8,18.3,0.0,0,19.7,37.1,1,Normal,zero,Very Low,normal,normal,Low,0,0,0,25,25,25,12.5,Low
550,Boujad,32.75,-6.375,2026-09-17,31.2,16.6,0.0,12,16.8,31.7,3,Normal,zero,Very Low,normal,normal,Moderate,0,0,0,25,25,50,15.0,Low
551,Boujad,32.75,-6.375,2026-09-18,32.9,16.5,0.0,20,18.6,37.1,1,Normal,zero,Very Low,normal,normal,Low,0,0,0,25,25,25,12.5,Low
552,Boujad,32.75,-6.375,2026-09-19,36.3,19.2,0.0,7,17.7,40.0,2,Normal,zero,Very Low,normal,normal,Low,0,0,0,25,25,25,12.5,Low
553,Boujad,32.75,-6.375,2026-09-20,38.6,25.0,0.0,8,24.4,48.6,2,Normal,zero,Very Low,stong,normal,Low,0,0,0,50,25,25,17.5,Low
554,Al Aaroui,35.0,-3.0,2026-09-14,27.1,20.8,0.0,0,21.4,38.2,45,Mild,zero,Very Low,stong,normal,Moderate,0,0,0,50,25,50,20.0,Low
555,Al Aaroui,35.0,-3.0,2026-09-15,28.8,18.7,0.0,0,16.6,29.2,45,Mild,zero,Very Low,normal,weak,Moderate,0,0,0,25,0,50,10.0,Low
556,Al Aaroui,35.0,-3.0,2026-09-16,32.7,16.7,0.0,0,15.5,27.0,1,Normal,zero,Very Low,normal,weak,Low,0,0,0,25,0,25,7.5,Low
557,Al Aaroui,35.0,-3.0,2026-09-17,27.4,18.0,0.0,2,16.1,28.1,45,Mild,zero,Very Low,normal,weak,Moderate,0,0,0,25,0,50,10.0,Low
558,Al Aaroui,35.0,-3.0,2026-09-18,26.5,17.4,0.0,5,24.2,43.9,45,Mild,zero,Very Low,stong,normal,Moderate,0,0,0,50,25,50,20.0,Low
559,Al Aaroui,35.0,-3.0,2026-09-19,27.1,19.8,0.0,14,27.7,50.0,3,Mild,zero,Very Low,stong,normal,Moderate,0,0,0,50,25,50,20.0,Low
560,Al Aaroui,35.0,-3.0,2026-09-20,27.4,19.4,0.0,15,23.9,43.6,2,Mild,zero,Very Low,stong,normal,Low,0,0,0,50,25,25,17.5,Low
561,Mrirt,33.1875,-5.5625,2026-09-14,35.4,20.7,0.0,10,21.9,45.0,3,Normal,zero,Very Low,stong,normal,Moderate,0,0,0,50,25,50,20.0,Low
562,Mrirt,33.1875,-5.5625,2026-09-15,33.8,20.6,0.1,10,19.4,40.3,3,Normal,Low,Very Low,normal,normal,Moderate,0,25,0,25,25,50,18.75,Low
563,Mrirt,33.1875,-5.5625,2026-09-16,30.2,15.0,0.0,0,20.9,42.1,2,Normal,zero,Very Low,stong,normal,Low,0,0,0,50,25,25,17.5,Low
564,Mrirt,33.1875,-5.5625,2026-09-17,30.0,15.7,0.0,45,19.6,44.6,3,Mild,zero,Moderate,normal,normal,Moderate,0,0,50,25,25,50,22.5,Low
565,Mrirt,33.1875,-5.5625,2026-09-18,30.2,14.2,0.0,35,18.0,39.2,2,Normal,zero,Low,normal,normal,Low,0,0,25,25,25,25,16.25,Low
566,Mrirt,33.1875,-5.5625,2026-09-19,33.6,16.2,0.3,7,15.3,32.0,3,Normal,Moderate,Very Low,normal,normal,Moderate,0,60,0,25,25,50,24.0,Low
567,Mrirt,33.1875,-5.5625,2026-09-20,35.8,18.9,0.0,17,14.5,45.4,3,Normal,zero,Very Low,normal,normal,Moderate,0,0,0,25,25,50,15.0,Low
568,Tineghir,31.5,-5.5625,2026-09-14,33.7,21.2,0.0,5,22.0,35.6,3,Normal,zero,Very Low,stong,normal,Moderate,0,0,0,50,25,50,20.0,Low
569,Tineghir,31.5,-5.5625,2026-09-15,30.1,22.0,0.1,25,16.2,26.6,3,Normal,Low,Low,normal,weak,Moderate,0,25,25,25,0,50,17.5,Low
570,Tineghir,31.5,-5.5625,2026-09-16,31.8,17.8,0.0,0,29.2,47.9,2,Normal,zero,Very Low,stong,normal,Low,0,0,0,50,25,25,17.5,Low
571,Tineghir,31.5,-5.5625,2026-09-17,31.6,18.9,0.0,45,25.7,40.3,3,Normal,zero,Moderate,stong,normal,Moderate,0,0,50,50,25,50,27.5,Moderate
572,Tineghir,31.5,-5.5625,2026-09-18,32.0,18.9,0.0,45,18.1,34.2,3,Normal,zero,Moderate,normal,normal,Moderate,0,0,50,25,25,50,22.5,Low
573,Tineghir,31.5,-5.5625,2026-09-19,32.3,21.6,0.0,36,17.4,27.0,3,Normal,zero,Low,normal,weak,Moderate,0,0,25,25,0,50,13.75,Low
574,Tineghir,31.5,-5.5625,2026-09-20,33.0,20.9,0.0,18,13.7,21.6,2,Normal,zero,Very Low,normal,weak,Low,0,0,0,25,0,25,7.5,Low
575,Bouknadel,34.1875,-6.6875,2026-09-14,30.8,22.7,0.0,0,9.9,18.0,0,Normal,zero,Very Low,weak,weak,Clear,0,0,0,0,0,0,0.0,Low
576,Bouknadel,34.1875,-6.6875,2026-09-15,26.3,21.2,0.0,0,14.8,25.9,45,Mild,zero,Very Low,normal,weak,Moderate,0,0,0,25,0,50,10.0,Low
577,Bouknadel,34.1875,-6.6875,2026-09-16,25.5,20.8,0.0,0,21.4,36.4,3,Mild,zero,Very Low,stong,normal,Moderate,0,0,0,50,25,50,20.0,Low
578,Bouknadel,34.1875,-6.6875,2026-09-17,25.2,18.9,0.0,0,14.5,25.2,3,Mild,zero,Very Low,normal,weak,Moderate,0,0,0,25,0,50,10.0,Low
579,Bouknadel,34.1875,-6.6875,2026-09-18,25.4,16.6,0.0,0,18.1,30.6,45,Mild,zero,Very Low,normal,normal,Moderate,0,0,0,25,25,50,15.0,Low
580,Bouknadel,34.1875,-6.6875,2026-09-19,32.2,17.9,0.0,3,17.7,38.9,45,Normal,zero,Very Low,normal,normal,Moderate,0,0,0,25,25,50,15.0,Low
581,Bouknadel,34.1875,-6.6875,2026-09-20,34.9,22.8,0.0,0,15.0,34.2,2,Normal,zero,Very Low,normal,normal,Low,0,0,0,25,25,25,12.5,Low
582,Cabo Bojador,26.115992,-14.490692,2026-09-14,35.2,22.3,0.0,0,26.7,46.4,0,Normal,zero,Very Low,stong,normal,Clear,0,0,0,50,25,0,15.0,Low
583,Cabo Bojador,26.115992,-14.490692,2026-09-15,33.9,24.4,0.0,0,26.6,43.6,0,Normal,zero,Very Low,stong,normal,Clear,0,0,0,50,25,0,15.0,Low
584,Cabo Bojador,26.115992,-14.490692,2026-09-16,28.6,21.9,0.0,0,26.4,48.2,0,Mild,zero,Very Low,stong,normal,Clear,0,0,0,50,25,0,15.0,Low
585,Cabo Bojador,26.115992,-14.490692,2026-09-17,25.5,20.8,0.0,0,32.9,58.7,3,Mild,zero,Very Low,very strong,strong,Moderate,0,0,0,75,50,50,30.0,Moderate
586,Cabo Bojador,26.115992,-14.490692,2026-09-18,24.9,20.2,0.0,0,23.4,45.0,3,Mild,zero,Very Low,stong,normal,Moderate,0,0,0,50,25,50,20.0,Low
587,Cabo Bojador,26.115992,-14.490692,2026-09-19,25.4,19.0,0.0,0,22.2,43.6,3,Mild,zero,Very Low,stong,normal,Moderate,0,0,0,50,25,50,20.0,Low
588,Cabo Bojador,26.115992,-14.490692,2026-09-20,26.9,19.6,0.0,0,23.8,45.7,1,Mild,zero,Very Low,stong,normal,Low,0,0,0,50,25,25,17.5,Low
589,Zagora,30.3125,-5.8125,2026-09-14,38.8,24.1,0.0,5,17.6,31.0,3,Normal,zero,Very Low,normal,normal,Moderate,0,0,0,25,25,50,15.0,Low
590,Zagora,30.3125,-5.8125,2026-09-15,35.8,27.4,0.1,13,24.5,54.4,3,Normal,Low,Very Low,stong,strong,Moderate,0,25,0,50,50,50,28.75,Moderate
591,Zagora,30.3125,-5.8125,2026-09-16,36.7,23.2,0.0,0,14.0,22.0,2,Normal,zero,Very Low,normal,weak,Low,0,0,0,25,0,25,7.5,Low
592,Zagora,30.3125,-5.8125,2026-09-17,36.5,25.7,0.0,13,21.6,33.5,3,Normal,zero,Very Low,stong,normal,Moderate,0,0,0,50,25,50,20.0,Low
593,Zagora,30.3125,-5.8125,2026-09-18,37.0,23.7,0.0,20,16.0,32.0,3,Normal,zero,Very Low,normal,normal,Moderate,0,0,0,25,25,50,15.0,Low
594,Zagora,30.3125,-5.8125,2026-09-19,37.3,24.6,0.0,20,22.1,34.6,1,Normal,zero,Very Low,stong,normal,Low,0,0,0,50,25,25,17.5,Low
595,Zagora,30.3125,-5.8125,2026-09-20,36.4,22.8,0.0,3,9.7,17.6,0,Normal,zero,Very Low,weak,weak,Clear,0,0,0,0,0,0,0.0,Low
596,Azemmour,33.3125,-8.3125,2026-09-14,31.9,20.3,0.0,0,14.4,26.6,1,Normal,zero,Very Low,normal,weak,Low,0,0,0,25,0,25,7.5,Low
597,Azemmour,33.3125,-8.3125,2026-09-15,28.9,21.2,0.0,0,17.7,32.0,45,Mild,zero,Very Low,normal,normal,Moderate,0,0,0,25,25,50,15.0,Low
598,Azemmour,33.3125,-8.3125,2026-09-16,26.0,20.7,0.0,0,18.9,34.6,45,Mild,zero,Very Low,normal,normal,Moderate,0,0,0,25,25,50,15.0,Low
599,Azemmour,33.3125,-8.3125,2026-09-17,26.3,18.2,0.0,2,14.5,26.6,3,Mild,zero,Very Low,normal,weak,Moderate,0,0,0,25,0,50,10.0,Low
600,Azemmour,33.3125,-8.3125,2026-09-18,26.0,18.3,0.0,3,21.2,37.4,45,Mild,zero,Very Low,stong,normal,Moderate,0,0,0,50,25,50,20.0,Low
601,Azemmour,33.3125,-8.3125,2026-09-19,27.0,20.6,0.0,3,23.3,45.0,2,Mild,zero,Very Low,stong,normal,Low,0,0,0,50,25,25,17.5,Low
602,Azemmour,33.3125,-8.3125,2026-09-20,28.4,21.8,0.0,0,13.6,26.6,45,Mild,zero,Very Low,normal,weak,Moderate,0,0,0,25,0,50,10.0,Low
603,El Hajeb,33.6875,-5.375,2026-09-14,34.7,23.6,0.1,8,18.8,40.3,3,Normal,Low,Very Low,normal,normal,Moderate,0,25,0,25,25,50,18.75,Low
604,El Hajeb,33.6875,-5.375,2026-09-15,32.6,21.5,0.0,3,19.2,40.0,3,Normal,zero,Very Low,normal,normal,Moderate,0,0,0,25,25,50,15.0,Low
605,El Hajeb,33.6875,-5.375,2026-09-16,28.9,18.6,0.0,0,20.1,42.1,1,Mild,zero,Very Low,stong,normal,Low,0,0,0,50,25,25,17.5,Low
606,El Hajeb,33.6875,-5.375,2026-09-17,25.3,16.4,0.0,18,17.3,35.6,3,Mild,zero,Very Low,normal,normal,Moderate,0,0,0,25,25,50,15.0,Low
607,El Hajeb,33.6875,-5.375,2026-09-18,27.6,15.1,0.0,18,16.2,36.0,3,Mild,zero,Very Low,normal,normal,Moderate,0,0,0,25,25,50,15.0,Low
608,El Hajeb,33.6875,-5.375,2026-09-19,31.0,17.0,0.0,5,19.8,38.2,2,Normal,zero,Very Low,normal,normal,Low,0,0,0,25,25,25,12.5,Low
609,El Hajeb,33.6875,-5.375,2026-09-20,34.7,21.5,0.0,12,20.5,44.6,2,Normal,zero,Very Low,stong,normal,Low,0,0,0,50,25,25,17.5,Low
610,Jerada,34.3125,-2.1875,2026-09-14,31.0,18.2,0.0,0,17.6,34.9,1,Normal,zero,Very Low,normal,normal,Low,0,0,0,25,25,25,12.5,Low
611,Jerada,34.3125,-2.1875,2026-09-15,30.9,19.7,0.0,0,18.4,34.6,3,Normal,zero,Very Low,normal,normal,Moderate,0,0,0,25,25,50,15.0,Low
612,Jerada,34.3125,-2.1875,2026-09-16,29.0,18.7,0.0,0,23.8,45.4,3,Mild,zero,Very Low,stong,normal,Moderate,0,0,0,50,25,50,20.0,Low
613,Jerada,34.3125,-2.1875,2026-09-17,29.0,17.4,0.0,9,20.6,38.9,3,Mild,zero,Very Low,stong,normal,Moderate,0,0,0,50,25,50,20.0,Low
614,Jerada,34.3125,-2.1875,2026-09-18,27.0,15.5,0.0,25,17.7,42.5,3,Mild,zero,Low,normal,normal,Moderate,0,0,25,25,25,50,18.75,Low
615,Jerada,34.3125,-2.1875,2026-09-19,28.6,14.6,0.0,20,23.2,40.0,3,Mild,zero,Very Low,stong,normal,Moderate,0,0,0,50,25,50,20.0,Low
616,Jerada,34.3125,-2.1875,2026-09-20,30.8,17.5,0.0,20,21.9,41.8,2,Normal,zero,Very Low,stong,normal,Low,0,0,0,50,25,25,17.5,Low
617,El Aïoun,34.5625,-2.5,2026-09-14,32.3,17.7,0.0,0,15.3,25.9,1,Normal,zero,Very Low,normal,weak,Low,0,0,0,25,0,25,7.5,Low
618,El Aïoun,34.5625,-2.5,2026-09-15,32.1,16.8,0.0,0,12.6,21.6,3,Normal,zero,Very Low,normal,weak,Moderate,0,0,0,25,0,50,10.0,Low
619,El Aïoun,34.5625,-2.5,2026-09-16,31.8,15.7,0.0,0,21.3,37.4,1,Normal,zero,Very Low,stong,normal,Low,0,0,0,50,25,25,17.5,Low
620,El Aïoun,34.5625,-2.5,2026-09-17,29.6,16.7,0.0,3,18.4,31.3,3,Mild,zero,Very Low,normal,normal,Moderate,0,0,0,25,25,50,15.0,Low
621,El Aïoun,34.5625,-2.5,2026-09-18,28.7,15.4,0.0,25,18.9,31.3,45,Mild,zero,Low,normal,normal,Moderate,0,0,25,25,25,50,18.75,Low
622,El Aïoun,34.5625,-2.5,2026-09-19,29.5,15.6,0.0,13,20.1,34.2,3,Mild,zero,Very Low,stong,normal,Moderate,0,0,0,50,25,50,20.0,Low
623,El Aïoun,34.5625,-2.5,2026-09-20,31.1,17.5,0.0,13,17.8,32.0,45,Normal,zero,Very Low,normal,normal,Moderate,0,0,0,25,25,50,15.0,Low
624,Tameslouht,31.5,-8.125,2026-09-14,39.3,26.5,0.0,5,37.1,67.3,3,Normal,zero,Very Low,very strong,strong,Moderate,0,0,0,75,50,50,30.0,Moderate
625,Tameslouht,31.5,-8.125,2026-09-15,38.1,25.8,0.0,3,22.7,37.8,3,Normal,zero,Very Low,stong,normal,Moderate,0,0,0,50,25,50,20.0,Low
626,Tameslouht,31.5,-8.125,2026-09-16,34.1,21.3,0.0,0,22.1,36.4,0,Normal,zero,Very Low,stong,normal,Clear,0,0,0,50,25,0,15.0,Low
627,Tameslouht,31.5,-8.125,2026-09-17,29.9,17.6,0.0,3,13.5,23.0,2,Mild,zero,Very Low,normal,weak,Low,0,0,0,25,0,25,7.5,Low
628,Tameslouht,31.5,-8.125,2026-09-18,31.7,18.2,0.0,18,12.1,20.2,2,Normal,zero,Very Low,normal,weak,Low,0,0,0,25,0,25,7.5,Low
629,Tameslouht,31.5,-8.125,2026-09-19,36.3,20.5,0.0,12,12.1,24.8,1,Normal,zero,Very Low,normal,weak,Low,0,0,0,25,0,25,7.5,Low
630,Tameslouht,31.5,-8.125,2026-09-20,34.7,23.2,0.0,10,22.4,39.6,2,Normal,zero,Very Low,stong,normal,Low,0,0,0,50,25,25,17.5,Low
631,Sidi Yahia El Gharb,34.3125,-6.3125,2026-09-14,37.3,22.4,0.0,0,16.7,30.6,0,Normal,zero,Very Low,normal,normal,Clear,0,0,0,25,25,0,10.0,Low
632,Sidi Yahia El Gharb,34.3125,-6.3125,2026-09-15,32.0,20.8,0.0,0,19.2,35.3,45,Normal,zero,Very Low,normal,normal,Moderate,0,0,0,25,25,50,15.0,Low
633,Sidi Yahia El Gharb,34.3125,-6.3125,2026-09-16,28.5,20.5,0.0,0,21.3,38.9,3,Mild,zero,Very Low,stong,normal,Moderate,0,0,0,50,25,50,20.0,Low
634,Sidi Yahia El Gharb,34.3125,-6.3125,2026-09-17,27.9,18.3,0.0,0,14.9,27.0,3,Mild,zero,Very Low,normal,weak,Moderate,0,0,0,25,0,50,10.0,Low
635,Sidi Yahia El Gharb,34.3125,-6.3125,2026-09-18,29.8,15.9,0.0,0,19.8,36.0,45,Mild,zero,Very Low,normal,normal,Moderate,0,0,0,25,25,50,15.0,Low
636,Sidi Yahia El Gharb,34.3125,-6.3125,2026-09-19,36.4,17.0,0.0,3,18.7,34.6,45,Normal,zero,Very Low,normal,normal,Moderate,0,0,0,25,25,50,15.0,Low
637,Sidi Yahia El Gharb,34.3125,-6.3125,2026-09-20,40.0,23.3,0.0,3,17.2,32.8,2,Normal,zero,Very Low,normal,normal,Low,0,0,0,25,25,25,12.5,Low
638,Chichaoua,31.5625,-8.75,2026-09-14,40.4,23.8,0.1,0,18.7,31.7,3,Hot,Low,Very Low,normal,normal,Moderate,50,25,0,25,25,50,28.75,Moderate
639,Chichaoua,31.5625,-8.75,2026-09-15,38.8,24.7,0.0,8,26.1,42.1,3,Normal,zero,Very Low,stong,normal,Moderate,0,0,0,50,25,50,20.0,Low
640,Chichaoua,31.5625,-8.75,2026-09-16,34.5,21.2,0.0,0,26.3,43.2,1,Normal,zero,Very Low,stong,normal,Low,0,0,0,50,25,25,17.5,Low
641,Chichaoua,31.5625,-8.75,2026-09-17,29.7,17.6,0.0,0,17.3,29.9,2,Mild,zero,Very Low,normal,weak,Low,0,0,0,25,0,25,7.5,Low
642,Chichaoua,31.5625,-8.75,2026-09-18,31.8,18.1,0.0,5,16.2,26.6,1,Normal,zero,Very Low,normal,weak,Low,0,0,0,25,0,25,7.5,Low
643,Chichaoua,31.5625,-8.75,2026-09-19,35.4,19.1,0.0,7,17.0,27.7,1,Normal,zero,Very Low,normal,weak,Low,0,0,0,25,0,25,7.5,Low
644,Chichaoua,31.5625,-8.75,2026-09-20,34.0,22.7,0.0,8,23.2,41.0,1,Normal,zero,Very Low,stong,normal,Low,0,0,0,50,25,25,17.5,Low
645,Al ’Attawia,31.8125,-7.3125,2026-09-14,38.6,23.6,0.0,3,18.8,34.9,3,Normal,zero,Very Low,normal,normal,Moderate,0,0,0,25,25,50,15.0,Low
646,Al ’Attawia,31.8125,-7.3125,2026-09-15,36.9,23.3,0.0,3,20.5,36.7,3,Normal,zero,Very Low,stong,normal,Moderate,0,0,0,50,25,50,20.0,Low
647,Al ’Attawia,31.8125,-7.3125,2026-09-16,33.0,18.3,0.0,0,16.9,30.6,1,Normal,zero,Very Low,normal,normal,Low,0,0,0,25,25,25,12.5,Low
648,Al ’Attawia,31.8125,-7.3125,2026-09-17,29.1,16.2,0.0,8,12.1,23.4,45,Mild,zero,Very Low,normal,weak,Moderate,0,0,0,25,0,50,10.0,Low
649,Al ’Attawia,31.8125,-7.3125,2026-09-18,31.1,17.0,0.0,16,12.4,26.3,1,Normal,zero,Very Low,normal,weak,Low,0,0,0,25,0,25,7.5,Low
650,Al ’Attawia,31.8125,-7.3125,2026-09-19,35.9,18.4,0.0,16,17.3,32.0,2,Normal,zero,Very Low,normal,normal,Low,0,0,0,25,25,25,12.5,Low
651,Al ’Attawia,31.8125,-7.3125,2026-09-20,37.7,17.6,0.0,10,21.5,40.7,3,Normal,zero,Very Low,stong,normal,Moderate,0,0,0,50,25,50,20.0,Low
652,Tabount,30.875,-6.9375,2026-09-14,34.5,21.1,0.1,18,11.7,21.6,3,Normal,Low,Very Low,normal,weak,Moderate,0,25,0,25,0,50,13.75,Low
653,Tabount,30.875,-6.9375,2026-09-15,31.9,22.8,0.1,20,23.0,53.6,3,Normal,Low,Very Low,stong,strong,Moderate,0,25,0,50,50,50,28.75,Moderate
654,Tabount,30.875,-6.9375,2026-09-16,33.2,20.0,0.0,0,28.0,46.4,0,Normal,zero,Very Low,stong,normal,Clear,0,0,0,50,25,0,15.0,Low
655,Tabount,30.875,-6.9375,2026-09-17,33.1,18.3,0.0,20,12.0,24.8,3,Normal,zero,Very Low,normal,weak,Moderate,0,0,0,25,0,50,10.0,Low
656,Tabount,30.875,-6.9375,2026-09-18,33.7,18.8,0.0,43,18.4,31.3,1,Normal,zero,Moderate,normal,normal,Low,0,0,50,25,25,25,20.0,Low
657,Tabount,30.875,-6.9375,2026-09-19,34.1,21.1,0.0,28,17.8,31.0,2,Normal,zero,Low,normal,normal,Low,0,0,25,25,25,25,16.25,Low
658,Tabount,30.875,-6.9375,2026-09-20,33.9,18.6,0.0,3,11.6,21.2,0,Normal,zero,Very Low,normal,weak,Clear,0,0,0,25,0,0,5.0,Low
659,Zaïo,34.9375,-2.75,2026-09-14,29.7,19.7,0.0,0,11.7,33.1,45,Mild,zero,Very Low,normal,normal,Moderate,0,0,0,25,25,50,15.0,Low
660,Zaïo,34.9375,-2.75,2026-09-15,29.7,19.2,0.0,0,10.1,23.4,45,Mild,zero,Very Low,normal,weak,Moderate,0,0,0,25,0,50,10.0,Low
661,Zaïo,34.9375,-2.75,2026-09-16,33.1,18.5,0.0,0,13.8,33.1,3,Normal,zero,Very Low,normal,normal,Moderate,0,0,0,25,25,50,15.0,Low
662,Zaïo,34.9375,-2.75,2026-09-17,27.7,19.2,0.0,3,13.9,28.1,3,Mild,zero,Very Low,normal,weak,Moderate,0,0,0,25,0,50,10.0,Low
663,Zaïo,34.9375,-2.75,2026-09-18,27.8,18.4,0.0,3,15.6,34.9,3,Mild,zero,Very Low,normal,normal,Moderate,0,0,0,25,25,50,15.0,Low
664,Zaïo,34.9375,-2.75,2026-09-19,27.3,18.6,0.0,5,27.8,51.1,3,Mild,zero,Very Low,stong,strong,Moderate,0,0,0,50,50,50,25.0,Moderate
665,Zaïo,34.9375,-2.75,2026-09-20,27.5,18.9,0.0,10,24.3,43.2,45,Mild,zero,Very Low,stong,normal,Moderate,0,0,0,50,25,50,20.0,Low
666,Aguelmous,33.125,-5.8125,2026-09-14,34.9,21.4,0.0,25,15.2,35.3,3,Normal,zero,Low,normal,normal,Moderate,0,0,25,25,25,50,18.75,Low
667,Aguelmous,33.125,-5.8125,2026-09-15,33.1,19.1,0.0,5,20.2,44.6,3,Normal,zero,Very Low,stong,normal,Moderate,0,0,0,50,25,50,20.0,Low
668,Aguelmous,33.125,-5.8125,2026-09-16,29.5,15.9,0.0,0,18.9,37.1,2,Mild,zero,Very Low,normal,normal,Low,0,0,0,25,25,25,12.5,Low
669,Aguelmous,33.125,-5.8125,2026-09-17,28.9,15.4,0.0,30,16.8,33.5,3,Mild,zero,Low,normal,normal,Moderate,0,0,25,25,25,50,18.75,Low
670,Aguelmous,33.125,-5.8125,2026-09-18,30.8,14.4,0.0,35,19.4,38.2,2,Normal,zero,Low,normal,normal,Low,0,0,25,25,25,25,16.25,Low
671,Aguelmous,33.125,-5.8125,2026-09-19,32.8,17.7,0.0,9,17.7,38.5,3,Normal,zero,Very Low,normal,normal,Moderate,0,0,0,25,25,50,15.0,Low
672,Aguelmous,33.125,-5.8125,2026-09-20,35.1,21.0,0.0,12,22.0,43.9,3,Normal,zero,Very Low,stong,normal,Moderate,0,0,0,50,25,50,20.0,Low
673,Asilah,35.5,-6.0,2026-09-14,32.1,23.5,0.0,0,21.5,39.2,0,Normal,zero,Very Low,stong,normal,Clear,0,0,0,50,25,0,15.0,Low
674,Asilah,35.5,-6.0,2026-09-15,32.4,21.7,0.0,0,18.5,34.2,0,Normal,zero,Very Low,normal,normal,Clear,0,0,0,25,25,0,10.0,Low
675,Asilah,35.5,-6.0,2026-09-16,25.2,19.5,0.0,0,21.2,38.2,3,Mild,zero,Very Low,stong,normal,Moderate,0,0,0,50,25,50,20.0,Low
676,Asilah,35.5,-6.0,2026-09-17,24.4,18.7,0.0,0,16.9,30.6,3,Mild,zero,Very Low,normal,normal,Moderate,0,0,0,25,25,50,15.0,Low
677,Asilah,35.5,-6.0,2026-09-18,28.9,16.9,0.0,0,22.5,46.4,2,Mild,zero,Very Low,stong,normal,Low,0,0,0,50,25,25,17.5,Low
678,Asilah,35.5,-6.0,2026-09-19,33.6,22.2,0.0,2,28.9,52.9,1,Normal,zero,Very Low,stong,strong,Low,0,0,0,50,50,25,22.5,Low
679,Asilah,35.5,-6.0,2026-09-20,35.4,24.7,0.0,0,20.8,41.8,0,Normal,zero,Very Low,stong,normal,Clear,0,0,0,50,25,0,15.0,Low
680,Imzouren,35.125,-3.875,2026-09-14,29.7,19.3,0.0,0,14.5,25.9,1,Mild,zero,Very Low,normal,weak,Low,0,0,0,25,0,25,7.5,Low
681,Imzouren,35.125,-3.875,2026-09-15,26.9,19.6,0.0,0,12.2,22.3,3,Mild,zero,Very Low,normal,weak,Moderate,0,0,0,25,0,50,10.0,Low
682,Imzouren,35.125,-3.875,2026-09-16,29.3,20.4,0.0,3,10.8,20.9,1,Mild,zero,Very Low,normal,weak,Low,0,0,0,25,0,25,7.5,Low
683,Imzouren,35.125,-3.875,2026-09-17,26.7,18.8,0.0,3,13.7,25.2,3,Mild,zero,Very Low,normal,weak,Moderate,0,0,0,25,0,50,10.0,Low
684,Imzouren,35.125,-3.875,2026-09-18,26.1,17.7,0.0,13,15.8,28.4,3,Mild,zero,Very Low,normal,weak,Moderate,0,0,0,25,0,50,10.0,Low
685,Imzouren,35.125,-3.875,2026-09-19,29.1,18.3,0.0,5,20.9,43.2,2,Mild,zero,Very Low,stong,normal,Low,0,0,0,50,25,25,17.5,Low
686,Imzouren,35.125,-3.875,2026-09-20,30.4,21.5,0.0,5,17.0,33.1,1,Normal,zero,Very Low,normal,normal,Low,0,0,0,25,25,25,12.5,Low
687,Mediouna,33.4375,-7.5,2026-09-14,38.2,23.9,0.0,0,18.3,33.8,1,Normal,zero,Very Low,normal,normal,Low,0,0,0,25,25,25,12.5,Low
688,Mediouna,33.4375,-7.5,2026-09-15,33.7,21.2,0.0,0,18.3,32.8,2,Normal,zero,Very Low,normal,normal,Low,0,0,0,25,25,25,12.5,Low
689,Mediouna,33.4375,-7.5,2026-09-16,28.0,19.4,0.0,0,18.4,33.5,45,Mild,zero,Very Low,normal,normal,Moderate,0,0,0,25,25,50,15.0,Low
690,Mediouna,33.4375,-7.5,2026-09-17,27.8,18.3,0.0,0,15.6,28.4,3,Mild,zero,Very Low,normal,weak,Moderate,0,0,0,25,0,50,10.0,Low
691,Mediouna,33.4375,-7.5,2026-09-18,28.3,16.8,0.0,0,20.2,37.1,2,Mild,zero,Very Low,stong,normal,Low,0,0,0,50,25,25,17.5,Low
692,Mediouna,33.4375,-7.5,2026-09-19,27.2,18.1,0.0,3,15.3,37.8,45,Mild,zero,Very Low,normal,normal,Moderate,0,0,0,25,25,50,15.0,Low
693,Mediouna,33.4375,-7.5,2026-09-20,30.0,20.2,0.0,3,11.8,30.2,2,Mild,zero,Very Low,normal,normal,Low,0,0,0,25,25,25,12.5,Low
694,Demnat,31.75,-7.0625,2026-09-14,35.5,23.4,0.0,3,16.9,32.8,3,Normal,zero,Very Low,normal,normal,Moderate,0,0,0,25,25,50,15.0,Low
695,Demnat,31.75,-7.0625,2026-09-15,33.4,21.9,0.3,8,17.0,33.5,3,Normal,Moderate,Very Low,normal,normal,Moderate,0,60,0,25,25,50,24.0,Low
696,Demnat,31.75,-7.0625,2026-09-16,30.0,17.6,0.0,0,17.6,33.8,0,Mild,zero,Very Low,normal,normal,Clear,0,0,0,25,25,0,10.0,Low
697,Demnat,31.75,-7.0625,2026-09-17,26.6,15.4,0.0,13,14.0,28.4,45,Mild,zero,Very Low,normal,weak,Moderate,0,0,0,25,0,50,10.0,Low
698,Demnat,31.75,-7.0625,2026-09-18,28.5,15.1,0.0,25,11.5,22.7,1,Mild,zero,Low,normal,weak,Low,0,0,25,25,0,25,11.25,Low
699,Demnat,31.75,-7.0625,2026-09-19,33.2,17.6,0.0,27,16.2,35.6,3,Normal,zero,Low,normal,normal,Moderate,0,0,25,25,25,50,18.75,Low
700,Demnat,31.75,-7.0625,2026-09-20,35.3,18.7,0.3,28,22.4,41.0,80,Normal,Moderate,Low,stong,normal,High,0,60,25,50,25,75,35.25,Moderate
701,Aïn Taoujdat,33.9375,-5.1875,2026-09-14,37.6,22.1,0.0,3,16.7,32.0,1,Normal,zero,Very Low,normal,normal,Low,0,0,0,25,25,25,12.5,Low
702,Aïn Taoujdat,33.9375,-5.1875,2026-09-15,34.3,21.9,0.0,0,19.2,37.8,3,Normal,zero,Very Low,normal,normal,Moderate,0,0,0,25,25,50,15.0,Low
703,Aïn Taoujdat,33.9375,-5.1875,2026-09-16,31.1,20.6,0.0,0,19.1,38.5,1,Normal,zero,Very Low,normal,normal,Low,0,0,0,25,25,25,12.5,Low
704,Aïn Taoujdat,33.9375,-5.1875,2026-09-17,27.1,17.8,0.0,10,15.5,29.2,45,Mild,zero,Very Low,normal,weak,Moderate,0,0,0,25,0,50,10.0,Low
705,Aïn Taoujdat,33.9375,-5.1875,2026-09-18,30.8,16.7,0.0,10,13.5,26.3,3,Normal,zero,Very Low,normal,weak,Moderate,0,0,0,25,0,50,10.0,Low
706,Aïn Taoujdat,33.9375,-5.1875,2026-09-19,34.1,18.1,0.0,4,19.1,34.9,2,Normal,zero,Very Low,normal,normal,Low,0,0,0,25,25,25,12.5,Low
707,Aïn Taoujdat,33.9375,-5.1875,2026-09-20,37.5,21.3,0.0,3,20.5,36.7,1,Normal,zero,Very Low,stong,normal,Low,0,0,0,50,25,25,17.5,Low
708,Sidi Smai’il,32.8125,-8.5,2026-09-14,39.9,22.4,0.0,0,20.5,35.6,2,Normal,zero,Very Low,stong,normal,Low,0,0,0,50,25,25,17.5,Low
709,Sidi Smai’il,32.8125,-8.5,2026-09-15,35.8,21.7,0.0,0,22.1,38.9,2,Normal,zero,Very Low,stong,normal,Low,0,0,0,50,25,25,17.5,Low
710,Sidi Smai’il,32.8125,-8.5,2026-09-16,28.4,19.5,0.0,0,20.3,35.3,2,Mild,zero,Very Low,stong,normal,Low,0,0,0,50,25,25,17.5,Low
711,Sidi Smai’il,32.8125,-8.5,2026-09-17,27.4,17.8,0.0,2,17.4,30.6,3,Mild,zero,Very Low,normal,normal,Moderate,0,0,0,25,25,50,15.0,Low
712,Sidi Smai’il,32.8125,-8.5,2026-09-18,29.1,17.9,0.0,3,21.6,39.2,2,Mild,zero,Very Low,stong,normal,Low,0,0,0,50,25,25,17.5,Low
713,Sidi Smai’il,32.8125,-8.5,2026-09-19,31.5,18.6,0.0,5,23.5,43.2,2,Normal,zero,Very Low,stong,normal,Low,0,0,0,50,25,25,17.5,Low
714,Sidi Smai’il,32.8125,-8.5,2026-09-20,31.5,20.3,0.0,5,19.7,35.3,45,Normal,zero,Very Low,normal,normal,Moderate,0,0,0,25,25,50,15.0,Low
715,Moulay Bousselham,34.875,-6.25,2026-09-14,33.7,21.2,0.0,0,15.5,25.9,0,Normal,zero,Very Low,normal,weak,Clear,0,0,0,25,0,0,5.0,Low
716,Moulay Bousselham,34.875,-6.25,2026-09-15,28.4,19.2,0.0,0,26.8,43.6,45,Mild,zero,Very Low,stong,normal,Moderate,0,0,0,50,25,50,20.0,Low
717,Moulay Bousselham,34.875,-6.25,2026-09-16,25.5,19.5,0.0,0,17.7,29.9,45,Mild,zero,Very Low,normal,weak,Moderate,0,0,0,25,0,50,10.0,Low
718,Moulay Bousselham,34.875,-6.25,2026-09-17,25.0,18.6,0.0,0,13.8,24.5,3,Mild,zero,Very Low,normal,weak,Moderate,0,0,0,25,0,50,10.0,Low
719,Moulay Bousselham,34.875,-6.25,2026-09-18,25.2,15.7,0.0,0,20.4,33.5,45,Mild,zero,Very Low,stong,normal,Moderate,0,0,0,50,25,50,20.0,Low
720,Moulay Bousselham,34.875,-6.25,2026-09-19,32.4,17.6,0.0,3,16.1,28.8,0,Normal,zero,Very Low,normal,weak,Clear,0,0,0,25,0,0,5.0,Low
721,Moulay Bousselham,34.875,-6.25,2026-09-20,36.8,18.7,0.0,3,14.8,25.6,1,Normal,zero,Very Low,normal,weak,Low,0,0,0,25,0,25,7.5,Low
722,Mechraa Bel Ksiri,34.5625,-5.9375,2026-09-14,39.5,24.4,0.0,0,18.0,33.8,0,Normal,zero,Very Low,normal,normal,Clear,0,0,0,25,25,0,10.0,Low
723,Mechraa Bel Ksiri,34.5625,-5.9375,2026-09-15,35.5,20.7,0.0,0,20.2,38.5,0,Normal,zero,Very Low,stong,normal,Clear,0,0,0,50,25,0,15.0,Low
724,Mechraa Bel Ksiri,34.5625,-5.9375,2026-09-16,30.0,19.9,0.0,0,20.2,37.1,3,Mild,zero,Very Low,stong,normal,Moderate,0,0,0,50,25,50,20.0,Low
725,Mechraa Bel Ksiri,34.5625,-5.9375,2026-09-17,28.1,18.9,0.0,0,14.1,25.9,45,Mild,zero,Very Low,normal,weak,Moderate,0,0,0,25,0,50,10.0,Low
726,Mechraa Bel Ksiri,34.5625,-5.9375,2026-09-18,31.9,16.0,0.0,0,16.4,33.8,45,Normal,zero,Very Low,normal,normal,Moderate,0,0,0,25,25,50,15.0,Low
727,Mechraa Bel Ksiri,34.5625,-5.9375,2026-09-19,36.7,18.4,0.0,3,15.2,29.1,2,Normal,zero,Very Low,normal,weak,Low,0,0,0,25,0,25,7.5,Low
728,Mechraa Bel Ksiri,34.5625,-5.9375,2026-09-20,40.3,23.6,0.0,3,18.8,35.6,1,Hot,zero,Very Low,normal,normal,Low,50,0,0,25,25,25,22.5,Low
729,Souk et Tnine Jorf el Mellah,34.5,-5.5,2026-09-14,40.4,26.5,0.0,0,17.6,32.8,0,Hot,zero,Very Low,normal,normal,Clear,50,0,0,25,25,0,20.0,Low
730,Souk et Tnine Jorf el Mellah,34.5,-5.5,2026-09-15,36.3,22.2,0.0,0,20.9,39.2,0,Normal,zero,Very Low,stong,normal,Clear,0,0,0,50,25,0,15.0,Low
731,Souk et Tnine Jorf el Mellah,34.5,-5.5,2026-09-16,31.6,20.4,0.0,0,19.2,36.4,3,Normal,zero,Very Low,normal,normal,Moderate,0,0,0,25,25,50,15.0,Low
732,Souk et Tnine Jorf el Mellah,34.5,-5.5,2026-09-17,28.9,19.7,0.0,0,13.6,25.6,3,Mild,zero,Very Low,normal,weak,Moderate,0,0,0,25,0,50,10.0,Low
733,Souk et Tnine Jorf el Mellah,34.5,-5.5,2026-09-18,33.0,17.1,0.0,3,13.2,24.5,45,Normal,zero,Very Low,normal,weak,Moderate,0,0,0,25,0,50,10.0,Low
734,Souk et Tnine Jorf el Mellah,34.5,-5.5,2026-09-19,37.0,20.3,0.0,3,17.0,31.0,3,Normal,zero,Very Low,normal,normal,Moderate,0,0,0,25,25,50,15.0,Low
735,Souk et Tnine Jorf el Mellah,34.5,-5.5,2026-09-20,40.2,25.2,0.0,3,20.2,38.2,2,Hot,zero,Very Low,stong,normal,Low,50,0,0,50,25,25,27.5,Moderate
736,Zeghanghane,35.125,-3.0,2026-09-14,26.8,21.3,0.0,0,20.9,39.2,2,Mild,zero,Very Low,stong,normal,Low,0,0,0,50,25,25,17.5,Low
737,Zeghanghane,35.125,-3.0,2026-09-15,28.2,19.7,0.0,0,12.4,25.2,45,Mild,zero,Very Low,normal,weak,Moderate,0,0,0,25,0,50,10.0,Low
738,Zeghanghane,35.125,-3.0,2026-09-16,31.8,17.8,0.0,0,12.6,24.5,2,Normal,zero,Very Low,normal,weak,Low,0,0,0,25,0,25,7.5,Low
739,Zeghanghane,35.125,-3.0,2026-09-17,27.2,19.5,0.0,3,9.8,20.5,3,Mild,zero,Very Low,weak,weak,Moderate,0,0,0,0,0,50,5.0,Low
740,Zeghanghane,35.125,-3.0,2026-09-18,26.3,18.6,0.0,5,19.4,37.8,45,Mild,zero,Very Low,normal,normal,Moderate,0,0,0,25,25,50,15.0,Low
741,Zeghanghane,35.125,-3.0,2026-09-19,26.0,21.0,0.0,8,24.3,44.3,3,Mild,zero,Very Low,stong,normal,Moderate,0,0,0,50,25,50,20.0,Low
742,Zeghanghane,35.125,-3.0,2026-09-20,26.3,20.9,0.0,13,24.4,46.1,2,Mild,zero,Very Low,stong,normal,Low,0,0,0,50,25,25,17.5,Low
743,Oulad Barhil,30.625,-8.5,2026-09-14,40.5,23.0,0.0,10,12.8,27.4,3,Hot,zero,Very Low,normal,weak,Moderate,50,0,0,25,0,50,20.0,Low
744,Oulad Barhil,30.625,-8.5,2026-09-15,39.1,24.3,0.0,20,27.7,54.4,3,Normal,zero,Very Low,stong,strong,Moderate,0,0,0,50,50,50,25.0,Moderate
745,Oulad Barhil,30.625,-8.5,2026-09-16,35.4,21.1,0.0,0,27.6,50.4,0,Normal,zero,Very Low,stong,strong,Clear,0,0,0,50,50,0,20.0,Low
746,Oulad Barhil,30.625,-8.5,2026-09-17,30.3,17.4,0.0,0,31.7,57.2,3,Normal,zero,Very Low,very strong,strong,Moderate,0,0,0,75,50,50,30.0,Moderate
747,Oulad Barhil,30.625,-8.5,2026-09-18,31.0,16.4,0.0,15,26.6,49.3,0,Normal,zero,Very Low,stong,normal,Clear,0,0,0,50,25,0,15.0,Low
748,Oulad Barhil,30.625,-8.5,2026-09-19,40.1,18.8,0.0,7,14.2,36.7,2,Hot,zero,Very Low,normal,normal,Low,50,0,0,25,25,25,22.5,Low
749,Oulad Barhil,30.625,-8.5,2026-09-20,38.5,19.7,0.0,5,17.4,36.7,1,Normal,zero,Very Low,normal,normal,Low,0,0,0,25,25,25,12.5,Low
750,Bir Jdid,33.375,-8.0,2026-09-14,33.2,22.4,0.0,0,14.9,28.8,1,Normal,zero,Very Low,normal,weak,Low,0,0,0,25,0,25,7.5,Low
751,Bir Jdid,33.375,-8.0,2026-09-15,29.9,21.1,0.0,0,17.2,33.1,45,Mild,zero,Very Low,normal,normal,Moderate,0,0,0,25,25,50,15.0,Low
752,Bir Jdid,33.375,-8.0,2026-09-16,26.0,20.0,0.0,0,19.3,37.1,45,Mild,zero,Very Low,normal,normal,Moderate,0,0,0,25,25,50,15.0,Low
753,Bir Jdid,33.375,-8.0,2026-09-17,26.2,18.3,0.0,2,16.6,32.0,3,Mild,zero,Very Low,normal,normal,Moderate,0,0,0,25,25,50,15.0,Low
754,Bir Jdid,33.375,-8.0,2026-09-18,26.2,18.4,0.0,3,21.4,40.7,2,Mild,zero,Very Low,stong,normal,Low,0,0,0,50,25,25,17.5,Low
755,Bir Jdid,33.375,-8.0,2026-09-19,27.4,19.5,0.0,3,23.2,44.6,45,Mild,zero,Very Low,stong,normal,Moderate,0,0,0,50,25,50,20.0,Low
756,Bir Jdid,33.375,-8.0,2026-09-20,30.0,20.4,0.0,3,15.2,29.2,2,Mild,zero,Very Low,normal,weak,Low,0,0,0,25,0,25,7.5,Low
757,Bou Arfa,32.5,-1.9375,2026-09-14,34.2,21.5,0.0,8,15.3,32.0,3,Normal,zero,Very Low,normal,normal,Moderate,0,0,0,25,25,50,15.0,Low
758,Bou Arfa,32.5,-1.9375,2026-09-15,32.8,20.6,0.2,15,19.8,30.2,3,Normal,Moderate,Very Low,normal,normal,Moderate,0,60,0,25,25,50,24.0,Low
759,Bou Arfa,32.5,-1.9375,2026-09-16,29.3,20.0,0.0,5,14.9,24.1,3,Mild,zero,Very Low,normal,weak,Moderate,0,0,0,25,0,50,10.0,Low
760,Bou Arfa,32.5,-1.9375,2026-09-17,30.5,16.8,0.6000000000000001,27,19.1,31.7,3,Normal,Heavy,Low,normal,normal,Moderate,0,80,25,25,25,50,30.75,Moderate
761,Bou Arfa,32.5,-1.9375,2026-09-18,29.8,17.7,0.0,34,17.2,32.4,3,Mild,zero,Low,normal,normal,Moderate,0,0,25,25,25,50,18.75,Low
762,Bou Arfa,32.5,-1.9375,2026-09-19,32.3,18.8,0.0,19,18.2,30.2,3,Normal,zero,Very Low,normal,normal,Moderate,0,0,0,25,25,50,15.0,Low
763,Bou Arfa,32.5,-1.9375,2026-09-20,33.5,19.5,0.0,14,15.3,23.0,2,Normal,zero,Very Low,normal,weak,Low,0,0,0,25,0,25,7.5,Low
764,Tahannawt,31.375,-7.9375,2026-09-14,35.7,24.2,0.0,5,27.1,45.7,3,Normal,zero,Very Low,stong,normal,Moderate,0,0,0,50,25,50,20.0,Low
765,Tahannawt,31.375,-7.9375,2026-09-15,34.0,22.5,0.0,3,20.5,38.9,3,Normal,zero,Very Low,stong,normal,Moderate,0,0,0,50,25,50,20.0,Low
766,Tahannawt,31.375,-7.9375,2026-09-16,30.8,18.5,0.0,0,17.2,32.0,1,Normal,zero,Very Low,normal,normal,Low,0,0,0,25,25,25,12.5,Low
767,Tahannawt,31.375,-7.9375,2026-09-17,26.9,15.2,0.0,3,13.4,27.4,2,Mild,zero,Very Low,normal,weak,Low,0,0,0,25,0,25,7.5,Low
768,Tahannawt,31.375,-7.9375,2026-09-18,28.5,15.6,0.0,20,14.0,27.0,1,Mild,zero,Very Low,normal,weak,Low,0,0,0,25,0,25,7.5,Low
769,Tahannawt,31.375,-7.9375,2026-09-19,32.9,18.6,0.0,24,13.8,29.5,2,Normal,zero,Low,normal,weak,Low,0,0,25,25,0,25,11.25,Low
770,Tahannawt,31.375,-7.9375,2026-09-20,32.8,18.9,0.0,25,20.9,37.8,3,Normal,zero,Low,stong,normal,Moderate,0,0,25,50,25,50,23.75,Low
771,Arfoud,31.4375,-4.25,2026-09-14,38.2,23.5,0.0,8,11.5,19.8,3,Normal,zero,Very Low,normal,weak,Moderate,0,0,0,25,0,50,10.0,Low
772,Arfoud,31.4375,-4.25,2026-09-15,35.8,27.0,0.0,10,11.9,20.9,3,Normal,zero,Very Low,normal,weak,Moderate,0,0,0,25,0,50,10.0,Low
773,Arfoud,31.4375,-4.25,2026-09-16,34.9,23.7,0.0,3,11.0,19.4,3,Normal,zero,Very Low,normal,weak,Moderate,0,0,0,25,0,50,10.0,Low
774,Arfoud,31.4375,-4.25,2026-09-17,35.2,23.7,0.0,26,25.1,39.2,3,Normal,zero,Low,stong,normal,Moderate,0,0,25,50,25,50,23.75,Low
775,Arfoud,31.4375,-4.25,2026-09-18,35.6,23.5,0.0,33,12.1,23.4,3,Normal,zero,Low,normal,weak,Moderate,0,0,25,25,0,50,13.75,Low
776,Arfoud,31.4375,-4.25,2026-09-19,36.4,26.4,0.0,19,15.6,25.2,3,Normal,zero,Very Low,normal,weak,Moderate,0,0,0,25,0,50,10.0,Low
777,Arfoud,31.4375,-4.25,2026-09-20,37.1,24.1,0.0,5,10.3,17.3,2,Normal,zero,Very Low,normal,weak,Low,0,0,0,25,0,25,7.5,Low
778,Tahla,34.0625,-4.4375,2026-09-14,36.8,21.7,0.0,0,13.6,24.5,2,Normal,zero,Very Low,normal,weak,Low,0,0,0,25,0,25,7.5,Low
779,Tahla,34.0625,-4.4375,2026-09-15,35.0,21.3,0.0,0,15.9,30.2,3,Normal,zero,Very Low,normal,normal,Moderate,0,0,0,25,25,50,15.0,Low
780,Tahla,34.0625,-4.4375,2026-09-16,30.8,19.1,0.0,0,17.0,32.8,1,Normal,zero,Very Low,normal,normal,Low,0,0,0,25,25,25,12.5,Low
781,Tahla,34.0625,-4.4375,2026-09-17,28.9,17.2,0.0,15,16.3,31.3,3,Mild,zero,Very Low,normal,normal,Moderate,0,0,0,25,25,50,15.0,Low
782,Tahla,34.0625,-4.4375,2026-09-18,31.4,16.3,0.0,10,15.5,28.8,3,Normal,zero,Very Low,normal,weak,Moderate,0,0,0,25,0,50,10.0,Low
783,Tahla,34.0625,-4.4375,2026-09-19,33.0,20.2,0.0,1,17.8,33.4,3,Normal,zero,Very Low,normal,normal,Moderate,0,0,0,25,25,50,15.0,Low
784,Tahla,34.0625,-4.4375,2026-09-20,35.1,23.7,0.0,0,15.5,31.7,2,Normal,zero,Very Low,normal,normal,Low,0,0,0,25,25,25,12.5,Low
785,Missour,33.0625,-4.0,2026-09-14,36.1,19.7,0.1,13,21.7,38.9,3,Normal,Low,Very Low,stong,normal,Moderate,0,25,0,50,25,50,23.75,Low
786,Missour,33.0625,-4.0,2026-09-15,35.3,20.2,0.0,20,19.3,41.0,3,Normal,zero,Very Low,normal,normal,Moderate,0,0,0,25,25,50,15.0,Low
787,Missour,33.0625,-4.0,2026-09-16,31.7,18.1,0.0,0,16.5,26.3,2,Normal,zero,Very Low,normal,weak,Low,0,0,0,25,0,25,7.5,Low
788,Missour,33.0625,-4.0,2026-09-17,33.8,18.0,0.0,25,34.2,64.8,3,Normal,zero,Low,very strong,strong,Moderate,0,0,25,75,50,50,33.75,Moderate
789,Missour,33.0625,-4.0,2026-09-18,30.6,17.0,0.0,16,26.2,44.6,3,Normal,zero,Very Low,stong,normal,Moderate,0,0,0,50,25,50,20.0,Low
790,Missour,33.0625,-4.0,2026-09-19,31.4,17.5,0.0,6,27.5,46.1,3,Normal,zero,Very Low,stong,normal,Moderate,0,0,0,50,25,50,20.0,Low
791,Missour,33.0625,-4.0,2026-09-20,35.8,18.4,0.0,5,27.6,42.5,2,Normal,zero,Very Low,stong,normal,Low,0,0,0,50,25,25,17.5,Low
792,Sidi Lmokhtar,31.5625,-9.0,2026-09-14,40.3,24.8,0.0,5,23.8,38.9,3,Hot,zero,Very Low,stong,normal,Moderate,50,0,0,50,25,50,30.0,Moderate
793,Sidi Lmokhtar,31.5625,-9.0,2026-09-15,38.7,24.2,0.0,3,24.4,40.0,3,Normal,zero,Very Low,stong,normal,Moderate,0,0,0,50,25,50,20.0,Low
794,Sidi Lmokhtar,31.5625,-9.0,2026-09-16,34.1,21.3,0.0,0,28.3,47.9,0,Normal,zero,Very Low,stong,normal,Clear,0,0,0,50,25,0,15.0,Low
795,Sidi Lmokhtar,31.5625,-9.0,2026-09-17,28.9,17.2,0.0,2,22.5,36.7,2,Mild,zero,Very Low,stong,normal,Low,0,0,0,50,25,25,17.5,Low
796,Sidi Lmokhtar,31.5625,-9.0,2026-09-18,31.6,17.3,0.0,3,15.3,28.8,1,Normal,zero,Very Low,normal,weak,Low,0,0,0,25,0,25,7.5,Low
797,Sidi Lmokhtar,31.5625,-9.0,2026-09-19,35.3,18.6,0.0,3,16.5,29.5,1,Normal,zero,Very Low,normal,weak,Low,0,0,0,25,0,25,7.5,Low
798,Sidi Lmokhtar,31.5625,-9.0,2026-09-20,32.1,20.5,0.0,13,26.3,43.9,1,Normal,zero,Very Low,stong,normal,Low,0,0,0,50,25,25,17.5,Low
799,Douar Toulal,33.875,-5.625,2026-09-14,38.3,23.4,0.0,0,18.7,40.7,2,Normal,zero,Very Low,normal,normal,Low,0,0,0,25,25,25,12.5,Low
800,Douar Toulal,33.875,-5.625,2026-09-15,34.3,21.6,0.0,0,18.3,40.3,3,Normal,zero,Very Low,normal,normal,Moderate,0,0,0,25,25,50,15.0,Low
801,Douar Toulal,33.875,-5.625,2026-09-16,30.5,18.7,0.0,0,17.7,38.5,1,Normal,zero,Very Low,normal,normal,Low,0,0,0,25,25,25,12.5,Low
802,Douar Toulal,33.875,-5.625,2026-09-17,27.1,17.7,0.0,5,14.3,32.4,3,Mild,zero,Very Low,normal,normal,Moderate,0,0,0,25,25,50,15.0,Low
803,Douar Toulal,33.875,-5.625,2026-09-18,30.5,15.8,0.0,5,12.6,30.2,3,Normal,zero,Very Low,normal,normal,Moderate,0,0,0,25,25,50,15.0,Low
804,Douar Toulal,33.875,-5.625,2026-09-19,34.2,18.3,0.0,3,16.5,31.0,2,Normal,zero,Very Low,normal,normal,Low,0,0,0,25,25,25,12.5,Low
805,Douar Toulal,33.875,-5.625,2026-09-20,37.6,22.1,0.0,3,19.2,36.0,1,Normal,zero,Very Low,normal,normal,Low,0,0,0,25,25,25,12.5,Low
806,Oulad Yaïch,32.4375,-6.3125,2026-09-14,40.8,24.0,0.1,5,20.9,49.7,3,Hot,Low,Very Low,stong,normal,Moderate,50,25,0,50,25,50,33.75,Moderate
807,Oulad Yaïch,32.4375,-6.3125,2026-09-15,38.1,25.2,0.0,3,21.3,38.9,3,Normal,zero,Very Low,stong,normal,Moderate,0,0,0,50,25,50,20.0,Low
808,Oulad Yaïch,32.4375,-6.3125,2026-09-16,34.7,20.8,0.0,0,13.2,27.0,1,Normal,zero,Very Low,normal,weak,Low,0,0,0,25,0,25,7.5,Low
809,Oulad Yaïch,32.4375,-6.3125,2026-09-17,32.2,17.7,0.0,8,12.9,23.4,3,Normal,zero,Very Low,normal,weak,Moderate,0,0,0,25,0,50,10.0,Low
810,Oulad Yaïch,32.4375,-6.3125,2026-09-18,34.6,18.3,0.0,13,8.0,15.5,2,Normal,zero,Very Low,weak,weak,Low,0,0,0,0,0,25,2.5,Low
811,Oulad Yaïch,32.4375,-6.3125,2026-09-19,37.7,20.1,0.0,12,16.4,31.0,3,Normal,zero,Very Low,normal,normal,Moderate,0,0,0,25,25,50,15.0,Low
812,Oulad Yaïch,32.4375,-6.3125,2026-09-20,39.6,29.4,0.0,13,20.8,43.9,2,Normal,zero,Very Low,stong,normal,Low,0,0,0,50,25,25,17.5,Low
813,Zawyat ech Cheïkh,32.6875,-5.9375,2026-09-14,38.3,19.3,0.1,3,18.1,47.2,3,Normal,Low,Very Low,normal,normal,Moderate,0,25,0,25,25,50,18.75,Low
814,Zawyat ech Cheïkh,32.6875,-5.9375,2026-09-15,35.7,20.6,0.1,0,20.9,37.1,3,Normal,Low,Very Low,stong,normal,Moderate,0,25,0,50,25,50,23.75,Low
815,Zawyat ech Cheïkh,32.6875,-5.9375,2026-09-16,32.2,17.1,0.0,0,11.7,22.0,1,Normal,zero,Very Low,normal,weak,Low,0,0,0,25,0,25,7.5,Low
816,Zawyat ech Cheïkh,32.6875,-5.9375,2026-09-17,30.6,17.1,0.0,5,14.6,26.6,3,Normal,zero,Very Low,normal,weak,Moderate,0,0,0,25,0,50,10.0,Low
817,Zawyat ech Cheïkh,32.6875,-5.9375,2026-09-18,33.0,14.9,0.0,18,10.1,19.4,1,Normal,zero,Very Low,normal,weak,Low,0,0,0,25,0,25,7.5,Low
818,Zawyat ech Cheïkh,32.6875,-5.9375,2026-09-19,36.7,17.5,0.0,7,14.8,29.2,2,Normal,zero,Very Low,normal,weak,Low,0,0,0,25,0,25,7.5,Low
819,Zawyat ech Cheïkh,32.6875,-5.9375,2026-09-20,39.0,22.5,0.0,0,21.2,36.4,2,Normal,zero,Very Low,stong,normal,Low,0,0,0,50,25,25,17.5,Low
820,Imi-n-Tanout,31.1875,-8.875,2026-09-14,35.3,25.1,0.0,5,25.2,45.0,3,Normal,zero,Very Low,stong,normal,Moderate,0,0,0,50,25,50,20.0,Low
821,Imi-n-Tanout,31.1875,-8.875,2026-09-15,34.3,24.8,0.0,3,24.8,42.8,3,Normal,zero,Very Low,stong,normal,Moderate,0,0,0,50,25,50,20.0,Low
822,Imi-n-Tanout,31.1875,-8.875,2026-09-16,30.4,19.8,0.0,0,25.6,44.3,1,Normal,zero,Very Low,stong,normal,Low,0,0,0,50,25,25,17.5,Low
823,Imi-n-Tanout,31.1875,-8.875,2026-09-17,25.8,16.3,0.0,3,18.2,32.8,45,Mild,zero,Very Low,normal,normal,Moderate,0,0,0,25,25,50,15.0,Low
824,Imi-n-Tanout,31.1875,-8.875,2026-09-18,27.4,16.7,0.0,13,16.6,30.6,1,Mild,zero,Very Low,normal,normal,Low,0,0,0,25,25,25,12.5,Low
825,Imi-n-Tanout,31.1875,-8.875,2026-09-19,31.9,19.8,0.0,12,15.6,28.1,1,Normal,zero,Very Low,normal,weak,Low,0,0,0,25,0,25,7.5,Low
826,Imi-n-Tanout,31.1875,-8.875,2026-09-20,32.1,23.1,0.0,13,18.8,33.8,1,Normal,zero,Very Low,normal,normal,Low,0,0,0,25,25,25,12.5,Low
827,Sebt Gzoula,32.125,-9.0625,2026-09-14,41.3,27.8,0.0,0,22.0,42.8,3,Hot,zero,Very Low,stong,normal,Moderate,50,0,0,50,25,50,30.0,Moderate
828,Sebt Gzoula,32.125,-9.0625,2026-09-15,38.2,24.8,0.0,0,25.0,46.4,3,Normal,zero,Very Low,stong,normal,Moderate,0,0,0,50,25,50,20.0,Low
829,Sebt Gzoula,32.125,-9.0625,2026-09-16,30.7,20.3,0.0,0,22.3,41.4,1,Normal,zero,Very Low,stong,normal,Low,0,0,0,50,25,25,17.5,Low
830,Sebt Gzoula,32.125,-9.0625,2026-09-17,27.7,18.2,0.0,0,17.8,33.1,2,Mild,zero,Very Low,normal,normal,Low,0,0,0,25,25,25,12.5,Low
831,Sebt Gzoula,32.125,-9.0625,2026-09-18,31.1,18.2,0.0,0,18.8,36.0,2,Normal,zero,Very Low,normal,normal,Low,0,0,0,25,25,25,12.5,Low
832,Sebt Gzoula,32.125,-9.0625,2026-09-19,33.0,18.8,0.0,5,20.4,37.1,2,Normal,zero,Very Low,stong,normal,Low,0,0,0,50,25,25,17.5,Low
833,Sebt Gzoula,32.125,-9.0625,2026-09-20,27.1,20.0,0.0,5,17.4,32.4,1,Mild,zero,Very Low,normal,normal,Low,0,0,0,25,25,25,12.5,Low
834,Tifariti,26.18629,-10.559204,2026-09-14,36.9,26.0,1.8,49,27.6,45.0,53,Normal,Very Heavy,Moderate,stong,normal,Moderate,0,100,50,50,25,50,42.5,Moderate
835,Tifariti,26.18629,-10.559204,2026-09-15,37.3,25.3,0.0,11,29.8,43.6,0,Normal,zero,Very Low,stong,normal,Clear,0,0,0,50,25,0,15.0,Low
836,Tifariti,26.18629,-10.559204,2026-09-16,38.1,22.5,0.0,0,35.7,53.3,0,Normal,zero,Very Low,very strong,strong,Clear,0,0,0,75,50,0,25.0,Moderate
837,Tifariti,26.18629,-10.559204,2026-09-17,31.3,17.8,0.0,0,37.0,55.4,0,Normal,zero,Very Low,very strong,strong,Clear,0,0,0,75,50,0,25.0,Moderate
838,Tifariti,26.18629,-10.559204,2026-09-18,29.6,16.2,0.0,0,34.1,52.9,3,Mild,zero,Very Low,very strong,strong,Moderate,0,0,0,75,50,50,30.0,Moderate
839,Tifariti,26.18629,-10.559204,2026-09-19,31.2,17.1,0.0,0,22.9,39.2,3,Normal,zero,Very Low,stong,normal,Moderate,0,0,0,50,25,50,20.0,Low
840,Tifariti,26.18629,-10.559204,2026-09-20,35.9,18.7,0.0,18,11.1,24.1,0,Normal,zero,Very Low,normal,weak,Clear,0,0,0,25,0,0,5.0,Low
